name,id
马蒂耶斯·劳瑞森,1
Jeremy Dufour,2
Santiago Gonzalez,3
阿曼达·莫尔,4
桑德拉·茨尔瓦希,5
麦肯娜·格瑞丝,6
贾达·萍克特·史密斯,7
维罗·史密斯,8
贾登·史密斯,9
克里斯滕·丽特,10
苏瑞·克鲁斯,11
玛德琳·卡罗尔,12
摩根·莉莉,13
达科塔·范宁,14
艾丽·范宁,15
英迪娅·埃斯利,16
奥丽维娅·赫西,17
藤原龙也,18
骆达华,19
邢宇菲,20
陈菲（小提琴家）,21
陈菲,22
李小胖,23
杨馥宇,24
王芷璇,25
宋祖儿,26
王玲玉,27
张本煜,28
葛布,29
白柳汐,30
王莉,31
梦鸽,32
刘泊潇,33
小葡萄,34
吴聊聊,35
吕逸涛,36
王飞雪,37
黄霄云,38
徐少华,39
高晴,40
聂浩然,41
孙瀚文,42
杨桐,43
韩安冉,44
刘璟甜,45
上官思明,46
王若楹,47
熊薇薇,48
马卓雅,49
黄兆函,50
董春辉,51
唐丽君,52
袁婷婷,53
陈薪璇,54
王俏霖,55
刘一丝,56
许婧,57
周杰,58
杨采钰,59
马克·达珀,60
特洛耶·希文,61
马特·波莫,62
肖恩·奥普瑞,63
大卫·甘迪,64
杨柳,65
钟鹿纯,67
康倩雯,68
赵磊（模特）,69
上田大辅,70
卡莉·克劳斯,71
张昊玥,72
游天翼,73
陈碧舸,74
孙菲菲（模特）,75
李沙沙,76
梁小骞,77
桂晶晶,78
夏亦酥,79
胡冰卿,80
安若菲,81
杨蔓雨,82
奚温柔,83
赵已晨,84
姚锡明,85
邵彪,86
李佳凌,87
李欣儿,88
刘伊心,89
陈思琪,90
陈玟予,91
韩雨嘉,92
王菲,93
潘鑫淼,94
柳炜炜,95
安芷菡,96
戚蓝尹,97
杨丹,98
邢质斌,99
王小丫,100
赵红艳,101
张泉灵,102
李芳淙,103
姜帝同,104
姜帝丞,105
卢达·克里斯,106
Lil jon,107
2 Chainz,108
Pitbull,109
D12,110
吹牛老爹,111
黄建新,112
2pac,113
Dr. Dre,114
Snoop Doggy Dogg,115
伊基·阿塞莉娅,116
哈琳娜,117
蔡洁,118
张姝（好声音）,119
张姝,120
谭轩辕,121
林宜芝,122
李卉,123
法提麦·雅琦,124
陈梓童,125
李一嘉,126
杨近川,127
钧泽,128
曹承衍,129
李汶翰,130
蛋堡,131
李宛书,132
周艺轩,133
Tizzy T,134
黄薏帆,135
李大奔,136
鬼卞,137
GAI,138
PG One,139
MC Hotdog,140
VAVA,141
欧阳靖,142
余薇薇,144
秦舒培,145
那广子,146
杜鹃,147
汤梦迪,148
何文辉,149
张艺泷,150
郎永淳,151
朗嘎拉姆,152
李嘉欣,153
张梓坦,154
陈庆祥,155
徐千惠,156
陈晓,157
叶倩彤,158
许佳慧,159
马睿菈,160
诺澜,161
聂远,162
赵大格,163
林依轮,164
林子濠,165
张翰,166
陈冰,167
简美妍,168
利特,169
郑敏,170
吴智昊,171
朴海日,172
崔秀钟,173
周比利,174
降央卓玛,175
于莎莎,176
米露,177
李耐阅,178
吴婕妤,179
崔碧珈,180
钟采羲,181
林正宏,182
文凯玲,183
羽翘,184
松冈李那,185
陈静,186
郭颖儿,187
陈静仪,188
余姿昀,189
她她组合,190
何佩瑜,191
关楚耀,192
朱慧敏,193
蔡慧敏,194
彭怀安,195
柳多英,196
朴容夏,197
山田孝之,198
冢本高史,199
松田龙平,200
陈铭,201
姜思达,202
范湉湉,203
马薇薇,204
李嘉格,205
翟煦飞,206
张怡,207
张文静,208
邹佳佳,209
巴戈,210
叶羿君,211
赵菲芸,212
陆廷威,213
陈文静,214
中村俊介,215
李泰圣,216
冈田义德,217
李在元,218
安胜浩,219
相叶裕树,220
权相佑,221
加藤晴彦,222
於佳怡,223
严佼君,224
徐诗琪,225
朴正哲,226
袁洁仪,227
杨雪仪,228
郑在泳,229
亚由美,230
本木雅弘,231
申彗星,232
渡边谦,233
宋雨珊,234
潘瑛琪,235
刘增艳,236
吕梦莹,237
李佳恩,238
蒋舒婷,239
姜杉,240
洪佩云,241
陈韫凌,242
陈音,243
张嘉予,244
张丹三,245
杨韫玉,246
姚祎纯,247
杨冰怡,248
谢天依,249
王晓佳,250
汪束,251
汪佳翎,252
孙歆文,253
宋昕冉,254
邵雪聪,255
祁静,256
李钊,257
林忆宁,258
李晶,259
唐泽寿明,261
苏达拉·布查蓬,262
堂本光一,263
刘珍妮,264
江源东,265
徐林,266
詹小栎,267
石洋子,268
李幸倪,269
段欣芮,270
鲍莉,271
石天龙,272
沈依莎,273
龙梅子,275
卓伟,276
文祥,277
李克纯,278
王麟,279
杨涵斌,280
正云,281
冯晓菲,282
陈琳,284
张昕,285
袁一琦,287
杨惠婷,288
袁航,289
许杨玉琢,290
徐伊人,291
谢妮,292
徐晗,293
王露皎,294
吴燕文,295
王金铭,296
王柏硕,297
孙珍妮,298
沈梦瑶,299
李清扬,300
刘佩鑫,301
林楠,302
西野翔,304
崔成国,306
朴妮唛,307
刘炅然,308
濑亚美莉,309
郝婉晴,310
张雨鑫,311
张雅梦,312
裴涩琪,313
周怡,314
水咲萝拉,315
大桥未久,316
松岛枫,317
天海翼,318
远藤雄弥,319
小山庆一郎,320
周防雪子,321
赵粤,322
易嘉爱,323
徐真,324
许逸,325
万丽娜,326
孟玥,327
刘瀛,328
罗兰,329
刘菊子,330
江真仪,331
何晓玉,332
黄彤扬,333
黄婷婷,334
龚诗淇,335
冯薪朵,336
陈问言,337
陈佳莹,338
赵晔,339
赵韩倩,340
袁雨桢,341
袁丹妮,342
徐子轩,343
许佳琪,344
徐晨辰,345
吴哲晗,346
温晶婕,347
沈之琳,348
孙芮,349
邱欣怡,350
钱蓓婷,351
莫寒,352
李宇琪,353
孔肖吟,354
吕一,355
蒋芸,356
戴萌,357
陈思,358
成珏,359
陈观慧,360
印子月,361
王姿允,362
张蓝艺,363
漆子美,364
文熙俊,365
吉冈美穗,366
金孝妍,367
梁美京,368
根中千惠子,369
宋万岁,370
宋民国,371
宋大韩,372
高小英,373
朴建炯,374
山本纱衣,375
欧宇宁,376
T-Baby组合,377
王陈怡娴,378
林智慧,379
赵安,380
明石家秋刀鱼,381
加藤爱,382
松金洋子,383
骆明劼,384
杨忠霖,385
李之繁,386
周锐,387
朱星杰,388
MR.BIO,389
周彦辰,390
丁川,391
郭子凡,392
谷嘉诚,393
伍嘉成,394
夏之光,395
陈泽希,396
赵磊,397
焉栩嘉,398
赵今麦,399
李瑞,400
蔡徐坤,401
裘恩典,402
张沐莀,403
曲昱曈,404
杨梓墨,405
顾璇,406
高仁,407
郭虹 （演员）,408
韩红,409
Hathaway,410
王文也,411
王子珊,412
张慕童,413
文君竹,414
郑熙岳,415
刘霓娜,416
贺美琦,417
贾云馨,418
高雅轩,419
王迅,420
杨钰莹,421
李亦航,422
沙俊良,423
沙俊伯,424
田宸羽,425
夏天（爸爸三）,426
吴费曼,427
Grace,428
曹三丰,429
吴速玲,430
王诗龄,431
小小志,432
蔡轩正,433
蔡国庆,434
李荣浩,435
蒋大为,436
高瑕,437
庞明涛,438
庄心妍,439
刘丹（内地男演员）,440
杨升（演员）,441
徐敏（内地男演员）,442
刘丹(内地女演员),443
白雪云,444
莫合塔尔,445
崔心心,446
周浩东,447
南奎丽,448
王佑硕,449
卢杉,450
白敬亭,451
弦子,452
安圣基,453
黄美姬,454
杨丽晓,455
崔岷植,456
李智友,457
王佳佳,458
杨晓丹(男),459
孙立石,460
蒋依依,461
小田切让,462
金南玲,463
姜惠贞,464
原纱央莉,465
池妍玉,466
尹珍序,467
金莎朗,468
金钟国,469
金旼序,470
格杨,471
杨文昌,472
吕研熙,473
陆雨萱,474
吉克隽逸,476
约瑟翰·庞麦郎,477
李小萌,478
晏敏敏,479
山新,480
乔诗语,481
曲泉丞,482
曾艳芬,483
金材昱,484
李艺彤,485
朴慧尚,486
刘真,487
洪晓芸,488
周采诗,489
蔡君茹,490
金刚,491
冯媛甄,492
严铮,493
岳翎,494
庄濠全,495
官晶华,496
纪欣妤,497
陈德修,498
小小彬,499
江语晨,500
吴中天,501
欧阳妮妮,502
邱胜翊,503
杨祐宁,504
邹兆龙,505
黄志玮,506
曹曦月,507
利智,508
唐杰忠,509
高大伟,510
陶辰宇,511
王思懿,512
伍慧珊,513
林秀怡,514
张名雅,515
黄文豪,516
陈怡真,517
李沐晴,518
林秀琴,519
温玄煜,520
尹泽强,521
长谷川润,522
吴仁惠,523
Olivia,524
中孝介,525
洪京民,526
申恩庆,527
锦户亮,528
木村乃,529
金基邦,530
濑户早妃,531
柳仁英,532
许咏兰,533
朴健一,534
金美京,535
金多顺,536
李艺媛,537
铃木美妃,538
李在恩,539
李多仁,540
高俊熙,541
朱虎声,542
金廷恩,543
金艺林,544
韩如云,545
余枫,546
夜郎金鑫,547
谢毅,548
菜花甜妈,549
胥午梅,550
左大玢,551
朱思潭,552
格桑,553
秦语,554
都枝寒,555
朴智敏,556
李炯柱,557
Crayon Pop,558
朴诗恩,559
马程程,560
叶一茜,561
袁立,562
金成焕,563
金盛恩,564
金敏贞,565
朴振荣,566
江口洋介,567
裴秀彬,568
李艺真,569
友阪理惠,570
全度妍,571
池珍熙,572
伊藤英明,573
裴斗娜,574
宋允儿,575
木幡龙,576
千贺健永,577
白承宪,578
藤冈靛,579
郑荷娜,580
余男,581
宋祖英,582
赵本山,583
黄忆慈,584
佟丽娅,585
贾乃亮,586
金泰勇,587
李宗泫,588
朴秀真,589
黑泽清,590
李真,591
金民俊,592
李玟雨,593
佐藤胜利,594
陈世妍,595
韩高恩,596
申宝拉,597
柳和荣,598
李智雅,599
李章宇,600
申原昊,601
春夏,602
张含韵,603
杜海涛,604
徐海星,605
张檬,606
寇静,607
林大竣,608
王紫璇,609
尹素贞,610
姜智贤,611
宋一国,612
全宝蓝,613
赵东赫,614
金英浩,615
朴京琳,616
尹宝拉,617
金承秀,618
金智秀,619
郑慧英,620
金孝静,621
郑宝石,622
洪恩熙,623
赵伦熙,624
蔡敏瑞,625
刘逸云,626
金惠秀,627
金宝妍,628
吴允儿,629
全卢民,630
车贤贞,631
金海仁,632
金奎善,633
黄政民,634
李海仁,635
白成铉,636
金允瑞,637
蔡时那,638
尹雅真,639
金佳妍,640
南宫珉,641
严正花,642
文晸赫,643
尹汝贞,644
金晶和,645
朴志胤,646
黄秀贞,647
黄善熙,648
朴善英,649
韩惠琳,651
权梨世,652
徐俊英,653
金柱赫,654
金秀路,655
申东熙,656
朴忠载,657
盖克,658
王志刚,659
孙竞争,661
刘冠军,662
洛桑念扎,663
刘小宁,664
尹世雅,665
玄朱妮,666
金烔完,667
李广斌,668
金钟仁,669
金恩静,670
崔林,671
姜至奂,672
王唯伊,673
曾彬峰,674
巩天阔,675
卢芳,676
胡皓康,677
邹明轩,678
冉莹颖,679
大乔小乔（乐队）,680
冯小刚,681
王诗蒙,682
蔡济文,683
王悠(演员),684
刘洋影子,685
张妹芳,686
冯鹏,687
刘硕,688
童振军,689
南宝拉,690
崔雪莉,691
林秀晶,692
韩志旼,693
刘俊相,694
徐仁国,695
崔胜铉,696
马诗红,697
戚一鸣,698
周舟（女主持人）,699
李世娜,700
南派三叔,701
朴恩斌,702
崔钟允,703
崔贞允,704
徐玉兰,705
杨轶然,706
谢佳妤,707
林黛,708
徐僧,709
那家威,710
杨骏,711
闫益民,712
李洪权,713
李胜贤,714
王祉萱,715
吴世勋,716
任时完,717
柳相旭,718
董琦,719
张浩天（演员）,720
宋钟浩,721
姜大声,722
柳镇,723
朴秀英,724
李彩麟,725
朴孝珍,726
朴昭妍,727
金正雅,728
林在范,729
诺伊英,730
马可,731
王源,732
张译文(男),733
张译文(女),734
邹杨,735
郑妍周,736
Tablo,737
陈玥,738
赵纯,739
刘亚鹏,740
许楚涵,741
李嘉存,742
张燕峰,743
马赫遥,744
魏子昕,745
汤唯,746
王嘉诚,747
李艳冰,748
马亚楠,749
方彧,750
夏添,751
王昱淇,752
杜娟,753
许嘉允,754
权昭贤,755
李枖原,756
徐英姬,757
李俊昊,758
金南佶,759
朴嘉熙,760
李现填,761
高斗心,762
金宥真,763
朴誉恩,764
马捷,765
傅方俊,766
郭静琳,767
王东,768
曾肖龙,769
郭柯彤,770
苗青,771
白百何,772
邬倩倩,773
李雨轩,774
杜宁林,775
戴航,776
颖儿,777
马赫,778
马浴柯,779
杜胤伟,780
郝平,781
岳秀清,782
吴刚,783
张经伟,784
王柏伦,785
曲波,786
孙东云,787
申秀铉,788
安昭熙,789
梁耀燮,790
朴泰俊,791
郑妮可,792
郭金杰,793
石小满,794
陈刚,795
朱旭,796
于小磊,797
李杨（导演）,798
李杨(女演员),799
蓝天野,800
孙涛,801
王俊凯,802
张煜龙,803
张若昀,804
户田惠梨香,805
朴智妍,806
文俊英,807
徐仁英,808
郑糠云,809
李珠妍,810
成贤娥,811
李顺圭,812
朴贞雅,813
赵美惠,814
金孝渊,815
洪悦,816
赵柯,817
宋晓英,818
张子文,819
张明健,820
周雪菲,821
马湘宜,822
易凝,823
张诚航,824
郭中友,825
强宇,826
梅寒,827
金栽经,828
李居丽,829
薛景求,830
郑素敏,831
沈惠珍,832
全智允,833
朴善怜,834
朴诗妍,835
咸恩静,836
金南珠,837
尤靖茹,838
张瑞珈,839
博弘,840
袁愿,841
公方敏,842
王闯,843
王春元,844
孔连顺,845
尹素怡,846
隋咏良,847
王彦霖,848
刘荷娜,849
李英雅,850
禹惠林,851
王锡玄,852
吴胜雅,853
文瑾莹,854
奇太映,855
武藤兰,856
金成泽,857
河野麻奈,858
陈瑶（影视演员）,859
陈瑶(90后女演员),860
韩东君,861
郝荣光,862
刘青,863
陈铮,864
范朋飞,865
单色凌,866
熊莺,867
唐北平,868
周小斌,869
何铁红,870
陈卫,871
徐鸥仪,872
江雪,873
徐立春,874
樊尚宏,875
赵彦乔,876
刘立,877
傅迦,878
陈晓雪,879
于千景,880
于莹莹,881
金钟铉,882
朱怀旭,883
马莹莹,884
张承阳,885
新垣结衣,886
黎汉持,887
筱崎爱,888
金厉旭,889
金允慧,890
黄美英,891
李俊赫,892
李姬珍,893
禹喜珍,894
崔华静,895
高佑丽,896
安勇俊,897
河有美,898
申智秀,899
Epik High,900
郭广平,901
张炜迅,902
马少骅,903
文卓,904
蔡贞安,905
申贤俊,906
志田未来,907
赵延宇,908
王亚楠,909
舒砚,910
于谦,911
许双,912
邹俊百,913
金大川,914
张馨予,915
苑新雨,916
袁乙心,917
徐静蕾,918
宋允皓,919
王宇(歌手),920
李翠翠,921
杜雨露,922
张澍,923
雷恪生,924
速水重道,925
冯恩鹤,926
于青斌,927
王歌慧,928
朱紫汶,929
黄仁英,930
张允贞,931
大野智,932
杨东根,933
金俊熙,934
中山优马,935
张振寰,936
孟丽,937
李锦飞,938
殷叶子,939
李丞涓,940
户田菜穗,941
韩秀妍,942
张雅英,943
侯岩松,944
赵君,945
张铁林,946
姜正阳,947
丫蛋,948
李泓良,949
黄梅莹,950
孙洪涛,951
杨冲,952
刘奕君,953
瑛太,954
中岛裕翔,955
朴惠京,956
河正宇,957
金贤政,958
王铮,959
岳旸,960
宋轶,961
王岗岗,962
冢地武雅,963
长谷川京子,964
于海,965
何翯,966
柯伯龙,967
董姝,968
杨净如,969
王艺曈,970
谢帅,971
林源,972
魏巍,973
刘天佐,974
唐瑞宏,975
吴恙,976
何花,977
高基才,978
郑家彬,979
徐麒丰,980
刘恬汝,981
郑龙,982
雨婷儿,983
朱茵(上海),984
王若涵,985
任正彬,986
马德华,987
郭东文,988
郝蕾,989
秦伯坤,990
孙锡堃,991
奇道,992
谷尚蔚,993
胡蝶,994
张延,995
李蓓蕾,996
庄紫,997
左腾云,998
陈柏君,999
高圆圆,1000
张鹭,1001
邓英,1002
吕凉,1003
杨溢,1004
贾青,1005
郭晓东,1006
孙淳,1007
翟天临,1008
种丹妮,1009
陈数,1010
刘冠翔,1011
丁勇岱,1012
李程,1013
杜哲宇,1014
李善玉,1015
高海,1016
高一清,1017
阮圣文,1018
宫正楠,1019
张正言,1020
陆纪依,1021
江明洋,1022
安悦溪,1023
谭渤霖,1025
朱佳希,1026
彭禺厶,1027
乔杉,1028
刘维,1029
卢思佚,1030
于非,1031
张哲人,1032
谭嘉荃,1033
王浩钧,1034
王晴,1035
杨政,1036
孙敬媛,1037
陈希郡,1038
李明霖,1039
李宏毅,1040
朱晨辰,1041
杨承熹,1042
杨心蕊,1043
梁大维,1044
禹童,1045
蒋中伟,1046
白茹,1047
经超,1048
艾晓琪,1049
章劼,1050
黄勐,1051
谢园,1052
白志迪,1053
张喜前,1054
陈明昊,1055
周晓滨,1056
焦刚,1057
赵久毅,1058
廖学秋,1059
杜旭东,1060
高发,1061
徐秀琳,1062
张绍荣,1063
杨静,1064
尹航,1065
伍麟凯,1066
冯海煜,1067
唐沸潮,1068
赵小天,1069
张筝,1070
杨树田,1071
王纯,1072
丁宇辰 ,1073
肖顺尧,1074
杨青,1075
马境,1076
管乐,1077
丛珊,1078
鲁诺,1079
齐志,1080
耿长军,1081
羿坤,1082
刘子赫,1083
曲少石,1084
李繁,1085
赵会南,1086
宁财神,1087
李宗翰,1088
于小伟,1089
丁嘉丽,1090
李桓,1091
刘鉴,1092
阿楠,1093
王峥,1094
田征,1095
姜晓冲,1096
姜帆,1097
张译 ,1098
李雨泽 ,1099
王皓,1100
李昕岳,1101
王千友,1102
王馥荔,1103
谢元真,1104
彭玉,1105
李学庆,1106
孙晶晶,1107
盖丽丽,1108
钱佩怡,1109
宫筱轩,1110
贺树峰,1111
王小宝,1112
张艺骞,1113
王小虎,1114
吴云飞,1115
石维坚,1116
李易祥,1117
佟磊,1118
赵海燕,1119
王亮,1120
蔡维利,1121
吴海棠,1122
姜黎黎,1123
蒙亭宜,1124
付瑶,1125
戚九洲,1126
白玉,1127
房子斌,1128
肖涵,1129
程怡,1130
徐海乔,1131
陆昱颉,1132
唐昕,1133
马丹旎,1134
万潼,1135
于小慧,1136
原华,1137
尹君正,1138
金一帆,1139
何昊阳,1140
范志博,1141
王同辉,1142
王倩一,1143
王韦智,1144
刘岳,1145
巩小榕,1146
吴迪,1147
李龙君,1148
郗茜,1149
张琛,1150
铁伟光,1151
李凤绪,1152
王俊彭,1153
徐唯,1154
李梓豪,1155
庄馨,1156
刘骐,1157
李骏诚,1158
宋海颉,1159
龙斌,1160
毕彦君,1161
朴明秀,1162
唐曾,1163
吴芃芃,1164
刘乃艺,1165
徐开骋,1166
何杜娟,1167
韩烨,1168
武悦,1169
三强,1170
龚格尔,1171
普超英,1172
颜世魁,1173
韩含,1174
林京来,1175
铁牛,1176
王洁曦,1177
宋乐,1178
王鑫尧,1179
杨子祯,1180
张曦文,1181
张澎澎,1182
夏侯镔,1183
王子清,1184
李燃,1185
方芳,1186
彭凌,1187
高泰宇,1188
谢彬彬,1189
易易紫,1190
徐梦昕,1191
毕畅,1192
朱圣祎,1193
姚星竹,1194
陆彭,1195
王文思,1196
张骁晗,1197
王泷正,1198
付枚,1199
陈若轩,1200
李响,1201
聂玫,1202
宁泽涛,1203
胡彩虹,1204
洛葳,1205
洪剑涛,1206
杨志雯,1207
刘柏希,1208
王建新,1209
林允,1210
冯粒,1211
陶帅,1212
孙晨耀,1213
赵家林,1214
吴超,1215
乔鹏樾,1216
冯文娟,1217
王刚,1218
余玥,1219
邢罗丹,1220
汪汐潮,1221
杨玏,1222
菅韧姿,1223
宋伊人,1224
罗云熙,1225
大左,1226
李昕亮,1227
刘圆媛,1228
张墨锡,1229
侯俊丞,1230
周知,1231
张宝雯,1232
徐熙颜,1233
边潇潇,1234
刘腾远,1235
马东延,1236
王森,1237
张永达,1238
吴京,1239
李飞,1240
王天野,1241
邵路雅,1242
王韬,1243
陈美霖,1244
张进,1245
陈思元,1246
龚美琪,1247
于芷晴,1248
牟星,1249
闪嘉晨,1250
安雅萍,1251
于素秋,1252
爱莉安娜·格兰德,1253
王妍之,1254
韩雪薇,1255
雷牧,1256
王熙然,1257
杜雨辰,1258
张小格,1259
宋珉宇,1260
贾灏哲,1261
陈育臣,1262
闵春晓,1263
王时雨,1264
陈小纭,1265
侯伊荻,1266
刘学义,1267
阮珺语,1268
沈陶然,1269
思漩,1270
关慧卿,1271
宋珂欣,1272
潘严,1273
陈文淇,1274
高亚麟,1275
蒋依杉,1276
王君平,1277
杨子,1278
于翔,1279
白珊,1280
吴谨西,1281
芭芭拉·史翠珊,1282
范春霞,1283
刘锦儿,1284
郭金,1285
王聃葳,1286
雷诺儿,1287
迟佳,1288
李野萍,1289
蔡紫芬,1290
黎明明,1291
盛超,1292
龙一仪,1293
贾延龙,1294
张春年,1295
张政勇,1296
张晶晶（演员）,1297
汪裴,1298
张晶晶,1299
李梦颖,1300
方逸伦,1301
张逸杰,1302
万沛鑫,1303
佟彬,1304
赵毅新 ,1305
钟楚曦,1306
王伟光,1307
范琳琳,1308
谢沅江,1309
童菲,1310
邵汶,1311
王金金,1312
叶月里绪菜,1313
郑平君,1314
宣璐,1316
吴樾,1317
丁海峰,1318
一真,1319
潘彦妃,1320
彭静,1321
刘牧,1322
刘牧（歌手）,1323
周璞,1324
刘雨鑫,1325
亓肖肖,1326
孙铁,1327
徐松子,1328
王景春,1329
黄河,1330
徐光,1331
朱琳,1332
左金珠,1333
赵兆,1334
邱枫,1335
郑业成,1336
陈丽娜,1337
耿乐,1338
王伟,1339
陶慧,1340
武田真治,1341
相武纱季,1342
永井大,1343
多部未华子,1344
松雪泰子,1345
国仲凉子,1346
柴崎幸,1347
小池澈平,1348
宫崎美子,1349
水岛宏,1350
三浦友和,1351
山口百惠,1352
三浦翔平,1353
玉森裕太,1354
田中裕子,1355
石黑英雄,1356
北村一辉,1357
香椎由宇,1358
中居正广,1359
李顺载,1360
阿部力,1361
水野真纪,1362
张陆,1363
纪宁,1364
包贝尔,1365
郑凯,1366
郑恺,1367
杜玉明,1368
田源,1369
甘雨,1370
袁苑,1371
高玉庆,1372
艾丽娅,1373
严屹宽,1374
朱刚日尧,1375
郑铮,1376
李昶,1377
周野芒,1378
应岱臻,1379
李昊臻,1380
李洪涛,1381
郭振迦,1382
唐以诺,1383
于震宇,1384
马卫军,1385
李泰延,1386
谭洋,1387
刘滢,1388
童一丹,1389
孙波,1390
屈菁菁,1391
司源,1392
刘广楠,1393
何泓姗,1394
李静,1395
戴荃,1396
詹妮弗·安妮斯顿,1397
菊川怜,1398
黄远,1399
杨婉仪,1400
林家宇,1401
蔡芷纭,1402
石修,1403
安雅,1404
钟丽淇,1405
林司敏,1406
王怡仁,1407
姚安琪,1408
许亦妮,1409
陈志健,1410
白吉胜,1411
钟欣怡,1412
郑子诚,1413
杨仲恩,1414
沈世朋,1415
谭真一,1416
阿喜妹,1417
苏恩磁,1418
钟志光,1419
李尔·韦恩,1420
秦煌,1421
赵照,1422
黄恺杰,1423
潘晓彤,1424
夏靖庭,1425
江荣晖,1426
扬明,1427
谢坤达,1428
麦嘉伦,1429
乐蒂,1430
杨英伟,1431
卢靓,1432
吕方,1433
林湘萍,1434
李思欣,1435
张佩华,1436
黄思婷,1437
陈柏融,1438
林志豪,1439
倪齐民,1440
江淑娜,1441
郑羽婷,1442
黄西,1443
席琳·迪翁,1444
林宜融,1445
张善为,1446
狄莺,1447
裴琳,1448
周幼婷,1449
陈家乐,1450
杨雅筑,1451
陆明君,1452
百眞熙,1453
麻生久美子,1454
知念侑李,1455
坂本龙一,1456
权贤相,1457
宇野实彩子,1458
松本人志,1459
金成铃,1460
坂本千夏,1461
吉高由里子,1462
吴家乐,1463
汪佩蓉,1464
黄文星,1465
罗敏庄,1466
蔡晓仪,1467
黄心琳,1468
张立基,1469
苏明明,1470
黄美珍,1471
曾莉婷,1472
王识贤,1473
王婧乔,1474
冯曦妤,1475
王君馨,1476
唐立淇,1477
罗文,1478
江宏恩,1479
王东泰,1480
王致迪,1481
张睿家,1482
崔珉焕,1483
林盛斌,1484
黎国辉,1485
陈伟洪,1486
吴彦喧,1487
刘秉宾,1488
林冠吟,1489
侯建民,1490
田中圭,1491
JUNIEL,1492
金圣圭,1493
稻森泉,1494
寺岛忍,1495
水野美纪,1496
李浩沅,1497
矢田亚希子,1498
山崎努,1499
黄光熙,1500
崔泰俊,1501
金浩,1502
满舒克,1503
李天佑,1504
吴紫彤,1505
白恩,1506
钱雁秋,1507
杨昆,1508
宁文彤,1509
牛宝军,1510
高明,1511
高亮,1512
陈洁,1513
王靖云,1514
刘芙伶,1515
赵寒雪,1516
马薇,1517
小香玉,1518
李玉峰,1519
王光辉,1521
彭浩翔,1522
赵雷,1523
志尊淳,1524
筒井道隆,1525
中井贵一,1526
马梓涵,1527
白凯南,1528
陆玲,1529
贺镪,1530
王唯,1531
郭常辉,1532
曹璐 ,1533
牟湘盈,1534
曹璐,1535
朱文超,1536
任泽巍,1537
黄品沅,1538
李健,1539
张雯,1540
刑佳栋,1542
郭家豪,1543
王艺凝,1544
张弓,1545
荣蓉,1546
关少曾,1547
王翊丹,1548
郑鹏飞,1549
穆丽燕,1550
关亚军,1551
刘真君,1552
牛骏峰,1553
王彩平,1554
杨凯琳,1555
百克力,1556
杨新鸣,1557
姚橹,1558
毛乐,1559
李方丁,1560
王汀,1561
石安妮,1562
刘丛丹,1563
李春媛,1564
刘宸希,1565
刘长德,1566
马睿,1567
林家川,1569
孟霞,1570
任珈锐,1571
蒋一铭,1572
鲍天琦,1573
刘宝旭,1574
安赫尼玛,1575
窦骁,1576
段博文,1577
曾虹畅,1578
姜峰,1579
蓝奕邦,1580
冈田将生,1581
金泰宪,1582
中村优一,1583
千明勋,1584
常铖,1585
韩悦,1586
罗钧满,1587
黄得生,1588
李杰宇,1589
陈锦鸿,1590
黎桐康,1591
崔浩然,1592
詹宇豪,1593
李灿森,1594
王灿,1595
林逸欣,1596
李璧琦,1597
狄龙,1598
刘子千,1599
田村正和,1600
石井正则,1601
申正焕,1602
赵敏雅,1603
濑户朝香,1604
张申英,1605
车贤静,1606
朴建态,1607
韩振熙,1608
吴妍秀,1609
金贞兰,1610
姜京俊,1611
裴宗玉,1612
刘小峰,1613
陈佩思,1614
阿比吉尔·布莱斯林,1616
郑昭娟,1617
泽恩·马利克,1618
姜大卫,1619
彭敬慈,1620
张文慈,1621
窦智孔,1622
高捷,1623
ZERO-G,1624
黄腾浩,1625
张栋梁,1626
徐婕儿,1627
宋达民,1628
左永宁,1629
黄一飞,1630
徐慧宣,1631
林以真,1632
米歇尔·罗德里格兹,1633
朱子岩,1634
彭博,1635
刘冬,1636
张桐,1637
王晶,1638
刘娜萍,1639
方数真,1640
邓捷,1641
吴燕菁,1642
何明翰,1643
逯长恩,1644
肖婷佳,1645
林晓凡,1646
李舜,1647
刘宝文,1648
朱铁,1649
钱志,1650
应昊茗,1651
王新,1652
杨舒,1653
牛北壬,1654
凯莉·詹娜,1655
赵永洪,1656
张怀秋,1657
胡鸿钧,1658
李维维,1659
阳咏存,1660
邝柏廉,1661
沈孟生,1662
梁证嘉,1663
罗孝勇,1664
林景程,1665
颜嘉乐,1666
林雨宣,1667
陈国峰,1668
杨洁玫,1669
杨潮凯,1670
章宇昂,1671
黄耀煌,1672
蔡淑臻,1673
王凯蒂,1674
谢卓言,1675
夏于乔,1676
谭俊彦,1677
林柏宏,1678
董敏莉,1679
徐道永,1680
岛谷瞳,1681
千叶凉平,1682
朴真珠,1683
上原多香子,1684
绪方龙一,1685
岩佐真悠子,1686
中村苍,1687
江角真纪子,1688
松重丰,1689
木村佳乃,1690
吉濑美智子,1691
泽村一树,1692
西村雅彦,1693
东山纪之,1694
芦名星,1695
京野琴美,1696
泷本美织,1697
本田翼,1698
高桥由美子,1699
李嘉明,1700
齐峰,1701
川岛海荷,1702
大仓忠义,1703
樱井淳子,1704
藤井美菜,1705
朱莉娅·罗伯茨,1706
陈滢,1707
郑采妍,1708
安恩真,1709
白豫彬,1710
李再妮,1711
奇喜贤,1712
DIA,1713
美黛,1714
肯德里克·拉马尔,1715
周志康,1716
周立铭,1717
吴佳珊,1718
刘家荣,1719
袁艾菲,1720
李善恒,1721
沈志明,1722
葛珊珊,1723
涂善妮,1725
谢东闵,1726
李沛旭,1727
梁云菲,1728
柳秀静,1729
肖茵,1730
周航,1731
王全有,1732
郭富城,1733
刘鑫,1734
刘名洋,1735
郭秋成 ,1736
田山凉成,1737
须藤理彩,1738
佐藤浩市,1739
吉冈唯,1740
浅田美代子,1741
中谷美纪,1742
黑川智花,1743
内山理名,1744
今井翼,1745
白石美帆,1746
杨洁,1747
岑日珈,1748
江涛,1749
胡小庭,1750
叶加濑麻衣,1751
梁敏仪,1753
坂本昌行,1754
持田真树,1755
山田麻衣子,1756
小松彩夏,1757
西田敏行,1758
新谷真弓,1759
松坂庆子,1760
井之原快彦,1761
长野博,1762
MARIUSU叶,1763
三宅健,1764
菊池风磨,1765
堀部圭亮,1766
内博贵,1767
冈本健一,1768
西野加奈,1769
任正斌,1770
袁伟豪,1771
王美雪,1772
胡盈祯,1773
郭静纯,1774
吴怡臻,1775
许廷铿,1776
曾佩瑜,1777
杨世瀚,1778
吴云甫,1779
吴思贤,1780
樊玲,1781
许娣,1782
侯传杲,1783
张永刚,1784
徐玺涵,1785
詹小楠,1786
严晓频,1787
康杰,1788
冯丽丽,1789
甘露,1790
姜艺声,1791
顾艳,1792
尚铁龙,1793
王丽涵,1794
松本俊夫,1795
查理·墨菲,1796
刘循子墨,1797
褚栓忠,1798
艾迪·墨菲,1799
克莱·阿德勒,1800
福田麻由子,1801
北乃纪伊,1802
松岛聪,1803
贯地谷诗穗梨,1804
仓科加奈,1805
樱井和寿,1806
中岛爱,1807
阿部隆史,1808
浅野温子,1809
新井浩文,1810
松山健一,1811
池松壮亮,1812
生濑胜久,1813
富田靖子,1814
王骁,1815
卑鄙马维斯,1816
叫兽易小星,1817
孙岚,1818
张迪,1819
王一鸣,1820
李进荣,1821
洪荣宏,1822
50 Cent,1823
刘添月,1825
松田圣子,1826
西耶娜·米勒,1827
十二星宿风之少年组合,1828
陈正飞,1829
张承,1830
赵恒煊,1831
陈旺林,1832
俞颖,1833
赵纯阳,1834
澎恰恰,1835
张洪睿,1836
孙之鸿,1837
刘永,1838
程煜,1839
焦晃,1840
过齐鸣,1841
张彬彬,1842
姚伟涛,1843
刘跃军,1844
李崇霄,1845
刘子仟,1846
威肯,1847
伊万卡·特朗普,1848
本乡奏多,1849
渡边杏,1850
都暻秀,1851
柳叶敏郎,1852
柄本明,1853
金俊勉,1854
石田百合子,1855
永井杏,1856
边伯贤,1857
菅田将晖,1858
李阵郁,1859
刚力彩芽,1860
真田广之,1861
中村狮童,1862
佐伯日菜子,1863
哀川翔,1864
田中好子,1865
夏川结衣,1866
小出惠介,1867
洼冢洋介,1868
刘紫鸣,1869
吉丽,1870
施京明,1871
张鹰,1872
巩峥,1873
杨壹童,1874
刘波,1875
杨亚,1876
崔鹏,1877
陶洋,1878
小斯琴高娃,1879
邵桐,1880
乐珈彤,1881
王乐君,1882
王鹤鸣,1883
朱宏嘉,1884
金鑫,1885
祝涛,1886
王政超,1887
张歆怡,1888
邹承恩,1889
陶宇佳,1890
温峥嵘,1891
巫刚,1892
秦子越,1893
唐国强,1894
纪永清,1895
王佳音,1896
吴越,1897
陈姗姗,1898
鲍鲲,1899
巩汉林,1900
范雷,1901
王红舟,1902
钱波,1903
林美照,1904
李素拉,1905
高伟光,1906
唐熙,1907
陈威翰,1908
F20组合,1909
赵秦,1910
袁腾飞,1911
大竹忍,1912
福田沙纪,1913
池胁千鹤,1914
美山加恋,1915
片濑那奈,1916
宇津井健,1917
加藤雅也,1918
中泽裕子,1919
南明奈,1920
谷原章介,1921
朴初珑,1922
吴夏荣,1923
平原绫香,1924
尹普美,1925
王骏毅,1926
陶珞依,1927
孟醒,1928
宋庆,1929
杨蕊,1930
王阳,1931
孙松,1932
侯茗皓,1933
何穗,1934
朱一龙,1935
滕文昊,1936
王若麟,1937
陈真希,1938
苏鑫,1939
张梓烈,1940
吴珏瑾,1941
杜维瀚,1942
张培,1943
郭艳,1944
张哲瀚,1945
米热,1946
张铎,1947
谢晖,1948
蔡纲,1949
徐永革,1950
朴灿烈,1951
金浩镇,1952
尹宥善,1953
高桥南,1954
崔允英,1955
秋相美,1956
片山阳加,1957
崔宇革,1958
千浩振,1959
上川隆也,1960
徐光宇,1961
王德顺,1962
佐藤亚美菜,1963
冯绍峰,1964
曹征,1965
柳演锡,1966
中田千智,1967
李成宰,1968
niel,1969
郭正旭,1970
渡边一系,1971
李成烈,1972
郑丙熙,1973
柳孝荣,1974
李尚允,1975
高野佑衣,1976
李成钟,1977
吴佳尼,1978
马景涛,1979
高飞,1980
张建声,1981
德永英明,1982
Hanch兄弟,1983
陈雅思,1984
友坂理惠,1985
朴世荣,1986
南相美,1987
李赞熙,1988
姜信日,1989
朴珍荣,1990
L.JOE,1991
仲谷明香,1992
崔钟贤,1993
朴炯植,1994
田中要次,1995
朴尚玄,1996
小林凉子,1997
房哲镛,1998
黑川芽以,1999
徐恩光,2000
朴允载,2001
申爱罗,2002
任炫植,2003
郑镒勋,2004
仲川遥香,2005
PENIEL,2006
方容国,2007
李昌燮,2008
孔璨,2009
李惠利,2010
灿多,2011
李瑜瑛,2012
洪宗玄,2013
申东佑,2014
黄智善,2015
申允珠,2016
方敏雅,2017
宋承炫,2018
陆星材,2019
禹智海,2020
金东玄,2021
金炯秀,2022
朴素珍,2023
金材燮,2024
小库珀·古丁,2025
莎拉·保罗森,2026
河东勋,2027
禹成贤,2028
刘雅拉,2029
权娜拉,2030
姜熙健,2031
申东浩,2032
宋珠熙,2033
金慧林,2034
韩彩雅,2035
刘永才,2036
古坂和仁,2037
朴熙顺,2039
金力灿,2040
李振宇,2041
朴重勋,2042
千百惠,2043
柳东根,2044
许永生,2045
李美妍,2046
梁静雅,2047
文钟业,2048
崔民秀,2049
曹在显,2050
申凤善,2051
石黑贤,2052
安文淑,2053
崔秀恩,2054
全昭旻,2055
夏沇秀,2056
山田裕贵,2057
金光奎,2058
崔盛希,2059
森宽和,2060
姜河那,2061
李慧英,2062
张克帆,2063
李贤宇,2064
崔政宇,2065
朴载正,2066
李允智,2067
金宝凛,2068
郑俊河,2069
郑昊,2070
金桐俊,2071
赵贤荣,2072
史冰,2073
来喜,2074
张一强,2075
王澜,2076
易照博,2077
孟召重,2078
葛子铭,2079
万弘杰,2080
李强,2081
代旭,2082
公磊,2083
刘向京,2084
沈伐,2085
张萌,2086
熊俊豪,2087
徐囡楠,2088
林栋甫,2089
韩英群,2090
于彦凯,2091
董志华,2092
马维福,2093
康凯,2094
张念骅,2095
秦卫东,2096
苏茂洋,2097
郭昊伦,2098
傅晶,2099
许敏,2100
王昌娥,2101
路彬彬,2102
王宇婕,2103
李庆祥,2104
文静,2105
刘端端,2106
侯怡君,2107
渡边直美,2108
赵韩樱子,2109
田昊,2110
倪大红,2111
龙一一,2112
梁林琳,2113
王振,2114
任山,2115
郭达,2116
刘斌,2117
郑清文,2118
刘芷汐,2119
周庭伊,2120
周放,2121
叶峰,2122
李悦溪,2123
刘妍希,2124
林江国,2125
夏雨,2126
施诗,2127
李冰冰,2128
梁译木,2129
计春华,2130
田重,2131
孙杨,2132
关思婷,2133
陈烨,2134
吴媚媚,2135
陈曦,2136
阎青妤,2137
哈琳,2138
方圆,2139
杨奇鸣,2140
姚晨,2141
周迅,2142
陈坤,2143
陆毅,2144
姚笛,2145
周冬雨,2146
王丽坤,2147
田亮,2148
蒋霆凯,2149
徐峥,2150
姜文,2151
王艳,2152
林更新,2153
凤凰传奇,2154
王馨平,2155
李丽华,2156
朱雨辰,2157
查克·贝里,2158
胡夏,2159
黄海冰,2160
陈凯歌,2161
邓家佳,2162
许晴,2163
张睿,2164
彭丽媛,2165
刘惜君,2166
陈楚生,2167
赖雨濛,2168
瞿颖,2169
徐良,2170
张默,2171
娄艺潇,2172
姚贝娜,2173
胡军,2174
沙溢,2175
胡兵,2176
胡彦斌,2177
梅婷,2178
归亚蕾,2179
陈紫函,2180
安又琪,2181
蒲巴甲,2182
莫言,2183
廖凡,2184
张玮,2185
黄征,2186
杨蓉,2187
金莎,2188
毛阿敏,2189
徐帆,2190
余少群,2191
乔紫乔,2192
许嵩,2193
利菁,2194
罗霈颖,2195
葛优,2196
李玉刚,2197
朱时茂,2198
刘萌萌,2199
冯远征,2200
李菲儿,2201
周海媚,2202
邓婕,2203
范伟,2204
陈道明,2205
田震,2206
叶祖新,2207
赵奕欢,2208
斯琴高娃,2209
穆婷婷,2210
矢口真里,2211
Matzka,2212
余香凝,2213
崔健,2214
张辛苑,2215
郁可唯,2216
孙艺洲,2217
崔永元,2218
杨凤良,2219
魏千翔,2220
韩栋,2221
隋名旸,2222
胡可,2223
沙宝亮,2224
乔振宇,2225
陈宝国,2226
李欣汝,2227
王铮亮,2228
刘孜,2229
金世佳,2230
郭京飞,2231
曹颖,2232
朱军,2233
于冠华,2234
Oh My Girl,2235
L.I.K.E,2237
郑佩佩,2238
英达,2239
筷子兄弟,2240
南笙,2241
王传君,2242
薛佳凝,2243
颜丹晨,2244
李金铭,2245
赵毅,2246
刘仪伟,2247
喻恩泰,2248
邵兵,2249
何琢言,2250
董贞,2251
刘力扬,2252
赵朝刚,2253
花儿乐队,2254
姜妍,2255
易烊千玺,2256
尔玛依娜,2257
李湘,2258
章子怡,2259
何炅,2260
张亮,2261
霍思燕,2262
董洁,2263
李宇春,2264
杜淳,2265
谢娜,2266
李亚鹏,2267
羽泉,2268
吕天媛,2269
曹苑,2270
张子萱,2271
张芷溪,2272
王珞丹,2273
撒贝宁,2274
那英,2275
孙佳奇,2276
张维娜,2277
于朦胧,2278
田朴珺,2279
李谷一,2280
龚玥菲,2281
关思慧,2282
吴文璟,2283
张晞临,2284
熊小玥,2285
游艺湉,2286
关喆,2287
于湉,2288
成泰燊,2289
阿兰·达瓦卓玛,2290
小李琳,2291
李玥,2292
张旸,2293
朱玟晞,2294
程琤,2295
爱新觉罗·启星,2296
琦琦,2297
梁祎,2298
李彧,2299
潘辰頔,2300
海岩,2301
王智,2302
滕偲玙,2303
査可欣,2304
阳巧玥,2305
徐子瑄,2306
王一珺,2307
屈玥,2308
金济东,2309
汪峰,2310
汤晶晶,2311
李文山,2312
菜菜绪,2313
艾德·希兰,2314
芦鑫,2315
倪妮,2316
张艺谋,2317
韩慧利,2318
朱丹,2319
郑亨敦,2320
郭敬明,2321
黄奕,2322
柳岩,2323
甄子丹,2324
小沈阳,2325
黄圣依,2326
郭涛,2327
陈思诚,2328
汪小菲,2329
梁静,2330
韩庚,2331
于正,2332
宋丹丹,2333
佟大为,2334
俞灏明,2335
凌潇肃,2336
秦岚,2337
海清,2338
尚雯婕,2339
韩寒,2340
田雨橙,2341
张静初,2342
陶虹,2343
吴妍儿,2344
吕珍九,2345
郭又宁,2346
刘烨,2347
Highlight,2348
卡西·阿弗莱克,2349
吴婉芳,2350
吴莫愁,2351
何晟铭,2352
代文雯,2353
王学兵,2354
李云迪,2355
崔郑仁,2356
赵正治,2357
平安,2358
唐一菲,2359
黑眼豆豆合唱团,2360
李念,2361
安喜延,2362
汪涵,2363
李鸣宇,2365
丹·史蒂文斯,2366
鳕熊,2367
三原顺子,2368
鲁芬,2369
Jun. K,2370
陈红,2371
高晓松,2372
张国立,2373
孙楠,2374
赵文卓,2375
董卿,2376
芙蓉姐姐,2377
孙菲菲,2378
胡静,2379
蒋勤勤,2380
巩新亮,2381
李冠丰,2382
周笔畅,2383
曹郁,2384
孟非,2385
任帅,2386
白艺潾,2387
周立波,2388
马雅舒,2389
秦海璐,2390
蒋雯丽,2391
张琰琰,2392
爱子公主,2393
李小冉,2394
刘雨欣,2395
吴竞,2396
陈好,2397
洪真英,2398
邱淑贞,2399
周厚安,2400
潘长江,2401
张晋,2402
杨坤,2403
李晟,2404
周韦彤,2405
倪萍,2406
谢楠,2407
潘霜霜,2408
吴昕,2409
华晨宇,2410
刘欢,2411
张嘉倪,2412
卢洪哲,2413
董璇,2414
阿朵,2415
裴紫绮,2416
黄绮珊,2417
吴尊,2418
黄海波,2419
白冰,2420
王大治,2421
王全安,2422
王李丹妮,2423
李丹妮,2424
莫小棋,2425
丁子玲,2426
肖荣生,2427
张俪,2428
杜若溪,2429
乐嘉,2430
宣言,2431
强辩乐团,2432
卞正伟,2433
苏醒,2434
哈文,2435
江一燕,2436
杜江,2437
段奕宏,2438
郎朗,2439
叶子淇,2440
Lotte Girls,2441
李代沫,2442
孙宁,2443
李佳,2444
林妙可,2445
蔡明,2446
冯静恩,2447
李炜,2448
曲隽希,2449
王志文,2450
李羲儿,2451
张嘉译,2452
杨树鹏,2453
马特·达蒙,2454
姜昆,2455
Eric Nam,2456
释小龙,2457
龚琳娜,2458
姚芊羽,2459
刘心,2460
王雷,2461
傅明宪,2462
ATF,2463
李知恩,2464
苗圃,2465
李丹,2466
孙坚,2467
李行亮,2468
杨子姗,2469
左立,2470
许诺,2471
姜鸿,2472
王鑫,2473
刘海镇,2474
朴银惠,2475
高恩成,2476
黄瑜娴,2477
林有慧,2478
妮基·希尔顿,2479
黄夏蕙,2480
艾美琦,2481
清水富美加,2482
艾尔·贾诺,2483
覃桢,2484
宋佳,2485
林申,2486
金志文,2487
汤灿,2488
刘璇,2489
陈建斌,2490
梁博,2491
王学圻,2492
陈雅伦,2493
罗茜·汉丁顿-惠特莉,2494
金巧巧,2495
郑国霖,2496
孙悦,2497
毛宁,2498
仓持由香,2499
哈雅乐团,2500
高鸣,2501
蔡琴,2502
闫妮,2503
丁丁,2504
李东学,2505
李兆基,2506
江铠同,2507
蒋梦婕,2508
阚清子,2509
关悦,2510
汪洋,2511
母丹,2512
柳云龙,2513
魏炜,2514
洪辰,2515
楚玉芬,2516
赵子琪,2517
朱亚文,2518
袁泉,2519
李小龙,2520
林永健,2521
柴静,2522
苏岩,2523
王新军,2524
陈龙,2525
狮子合唱团,2526
沈春阳,2528
碧昂丝·吉赛尔·诺斯,2529
张晓龙,2530
陈羽凡,2531
章龄之,2532
周觅,2533
陈怡,2534
吴稀儿,2535
李玉,2536
刘芸,2537
李魏西,2538
王志飞,2539
聂鑫,2540
刘晓洁,2541
魏晨,2542
邓宁,2543
刘威,2544
李艾,2545
刘忻,2546
王蓉,2547
连奕名,2548
殷桃,2549
王希维,2550
李泰,2551
孙茜,2552
江映蓉,2553
王林,2554
赵普,2555
黄志忠,2556
尤小刚,2557
邰正宵,2558
李泉,2560
张雷雨,2561
周楚楚,2562
顾又铭,2563
李维嘉,2564
白静,2565
秦昊,2566
陈昌旷,2567
王煜,2568
朱钟赫,2569
海陆,2570
武洪武,2571
张艾,2572
李祥祥,2573
张鲁一,2574
叶项明,2575
曾轶可,2576
刘羽琦,2577
金池,2578
王栎鑫,2579
杨乐乐,2580
云朵,2581
范明,2582
侯明昊,2583
王冠,2584
戴娇倩,2585
邓文迪,2586
邓月平,2587
李欣,2588
翁清海,2589
张语格,2590
冷漠,2591
王路,2592
张衣,2593
景岗山,2594
王姬,2595
孟茜,2596
阿雅,2597
米盖尔·弗尔,2598
萨顶顶,2600
黄小蕾,2601
黄英,2602
李佳璐,2603
买红妹,2604
刘瑞琦,2605
叶鹏,2606
孔维,2607
沈星,2608
大嘴巴,2609
马诺,2610
鲍蕾,2611
韩承羽,2612
许瑶璇,2613
潘阳,2614
谭维维,2615
METALLICA,2616
伍淑怡,2617
逢泽莉娜,2618
张定涵,2619
徐誉滕,2620
王瑞儿,2621
韩熙庭,2622
文梦洋,2623
萨瑶瑶,2624
AOA,2625
林鹏,2626
施露,2627
赤雪,2628
迟帅,2629
牛莉,2630
王翊菲,2631
温心,2632
刘钧,2633
金银玲,2634
赵荣,2635
付梦妮,2636
杨阳,2637
董文华,2638
任重,2639
俞思远,2640
杨志刚,2641
张丝丹,2642
陈维涵,2643
叶梓萱,2644
兰昊宇,2645
娄烨,2646
由力,2647
侯璎珏,2649
尚敬,2650
大张伟,2651
王珂,2652
吉吉·哈迪德,2653
柏雪,2654
王鸣飞,2655
黄毅清,2656
王雅捷,2657
王野,2658
施柳屹,2659
彭丹,2660
车保罗,2661
丁贝莉,2662
曾祥程,2663
王雅,2664
朱辉,2665
王笛,2666
高梓淇,2667
付静,2668
陈卓,2669
权振东,2670
周一围,2671
郜晓晨,2672
于和伟,2673
齐怀,2674
金铭,2675
修庆,2676
樱田通,2677
水田航生,2678
金恩智,2679
尹相铉,2680
吉本实忧,2681
林珍娜,2682
王斑,2683
叶静,2684
高天,2685
潘时七,2686
何静,2687
蔡蝶,2688
许思琼,2689
江伊涵,2690
松本伊代,2691
刘威葳,2692
马伊娜,2693
李依晓,2694
齐溪,2695
倪康,2696
侯天来,2697
韩珈淇,2698
刘雯,2699
李琦,2700
李宜娟,2701
陈燃,2702
窦唯,2703
杨舒婷,2704
杰米·贝尔,2705
凯特·玛拉,2706
迈克尔·杰克逊,2707
康恩赫,2708
方安娜,2709
于小彤,2710
黄恺嘉,2711
是安,2712
欢子,2713
于震,2714
曹轩宾,2715
周韵,2716
吉杰,2717
何琳,2718
胡灵,2719
旭日阳刚,2720
郑源,2721
汤子星,2722
陈翔,2723
白岩松,2724
水均益,2725
爱戴,2726
郑惠玉,2727
李幼斌,2728
沈丹萍,2729
袴田吉彦,2730
王乐乐,2731
汪俊,2732
刘怡君,2733
王海燕,2734
徐庆东,2735
胡允儿,2736
王妍苏,2737
李菁,2738
马启光,2739
周美毅,2740
魏雪漫,2741
吴静一,2742
丁晓红,2743
常静,2744
孔莹,2745
胡海泉,2746
刘芮伊,2747
刘倩文,2748
华少,2749
叶丽仪,2750
郭贤花,2751
S.E.S,2752
玖月奇迹,2753
谭晶,2754
付辛博,2755
何彦霓,2756
徐立,2757
阿佳组合,2758
康辰晨,2759
周晓鸥,2760
印小天,2761
沈泰,2762
陈明,2763
赵铭,2764
蒋毅,2765
吴建飞,2766
舒鸣,2767
郑钧,2768
孙鹏滨,2769
杨议,2770
常思思,2771
苗阜,2772
夏光莉,2773
艾尚真,2774
海伦清桃,2775
柳真,2776
刘德凯,2777
刘芷微,2778
王声,2779
姚星彤,2780
杨之楹,2781
杨雪,2782
柏程俊,2783
高强,2784
潘春春,2785
巴哈古丽·热合木吐拉,2786
张晓唯,2787
郄路通,2788
张炯敏,2789
符龙飞,2790
张慧雯,2791
张梓琳,2792
陆昱霖,2793
旺姆,2794
罗中旭,2795
李立,2796
陈小韵,2797
温海波,2798
朱泳腾,2799
郭美孜,2800
原雨,2801
孔千千,2802
方子哥,2803
汪坚辛,2804
周涛,2805
熊乃瑾,2806
杨紫嫣,2807
焦俊艳,2808
李欣聪,2809
戴军,2810
袁娅维,2811
车永莉,2812
张海靖,2813
郭珍霓,2814
郑逸桐,2815
祝延平,2816
高景文,2817
王怡,2818
姜育恒,2819
杨若兮,2820
阎维文,2821
万茜,2822
王浩,2823
张子枫,2824
雷佳音,2825
田子田,2826
王萌黎,2827
王鹏凯,2828
李依馨,2829
刘劲,2830
伊一,2831
甄锡,2832
肖轶,2833
胡蓉蓉,2834
安雯,2835
黄觉,2836
孟瑶,2837
蓝燕,2838
朱之文,2839
朴树,2840
寇振海,2841
李雪健,2842
王子子,2843
李倩,2844
姜潮,2845
陈家俊,2846
刘恩佑,2847
沈傲君,2848
夏柏,2849
DL组合,2850
吕燕,2851
朱梓骁,2852
王菁,2853
樊凡,2854
温雅,2855
赵欣瑜,2856
曹芙嘉,2857
滑川康男,2858
5Zic,2859
M.I.B,2860
李洪基,2861
雎晓雯,2862
郭冬临,2863
罗比·威廉姆斯,2864
凯丽·费雪,2865
黛比·雷诺斯,2866
昭燏,2868
张亚东,2869
何鸿燊,2870
布莱克·詹纳,2871
梅利莎·拜诺伊斯特,2872
尹素婉,2873
郝劭文,2874
米仓凉子,2875
李芯逸,2877
张博,2878
郑晓东,2879
肯达尔·詹娜,2880
韩玖诺,2881
李宰镇,2882
乔治·迈克尔,2883
全昭弥,2884
张轩睿,2885
戚迹,2886
潘蓉歆,2887
黄龄,2888
高虎,2889
刘洲成,2890
许艺娜,2891
刘敏涛,2892
陈松,2893
李光洁,2894
史可,2895
贾晓晨,2897
王绘春,2898
董成鹏,2899
宋小莹,2900
李曼,2901
沈东,2902
央吉玛,2903
徐佳,2904
张佳莹,2905
莫熙儿,2906
邓紫衣,2907
饶威,2908
孙艺心,2909
钱枫,2910
陈昊,2911
胡悦鑫,2912
张秋歌,2913
莫露露,2914
吕洁,2915
张蓝心,2916
曹阳,2917
叶一云,2918
韩磊,2919
姚懿纯,2920
歌者森,2921
王丽云,2922
孟蔚,2923
袁文康,2924
谭卓,2925
桑叶红,2926
冯静,2927
柯蓝,2928
杨钧涵,2930
高宇,2931
张涵予,2932
许飞,2933
吹石一恵,2934
贾景晖,2935
邓兆尊,2936
湘莹,2937
理查德·马克思,2938
宫以腾,2939
水晶男孩,2940
A Pink,2941
龚玉雯,2942
释行宇,2943
何云伟,2944
张恒,2945
程诗迦,2946
彭波,2947
张峻宁,2948
曹云金,2949
韩一菲,2950
赵亮,2951
马羚,2952
张瀞尤,2953
徐娇,2954
刘佩琦,2955
唐笑,2956
吴亚桥,2957
韩雨芹,2958
苏紫紫,2959
康华,2960
徐露,2961
巴图,2962
任东霖,2963
张岩,2964
谢飞,2965
张新,2966
秦焰,2967
孙周,2968
崔胜元,2969
张艺上,2970
白梓轩,2971
梁宝羚,2972
赵弈钦,2973
保剑锋,2974
赫子铭,2975
何洁,2976
罗琦,2977
韩童生,2978
陈廷嘉,2979
高露,2980
徐子崴,2981
于娜,2982
魏伊,2983
多亮,2984
王雪儿,2985
白举纲,2986
罗紫琳,2987
魏一宁,2988
谭乔尹,2989
曾敏,2990
余妮,2991
余晋,2992
陶玉洁,2993
赵露,2994
富田真由,2995
塔斯肯,2996
吕丽萍,2997
李蜜,2998
李昊瀚,2999
孙海英,3000
青春美少女,3001
练束梅,3002
童瑶,3003
王建福,3004
曾泳醍,3005
王一楠,3006
刘桦,3007
于咏琳,3008
宁丹琳,3009
贡米,3010
陈佳佳,3011
白庆琳,3012
赵霁,3013
林伊婷,3014
张丰毅,3015
常方源,3016
蓝沁,3017
文清,3018
夏凡,3019
王彤,3020
李昕芸,3021
李呈媛,3022
陈辰,3023
邹凯,3024
谭红,3025
蔡思涛,3026
张少华,3027
曾之乔,3028
任程伟,3029
乔洋,3030
宫雪花,3031
王逸洁,3032
张咪,3033
辛芷蕾,3034
姚政,3035
风间雅,3036
姜彤,3037
叶青,3038
邓莎,3039
程雷,3040
滕华涛,3041
罗霖,3042
李炳辰,3043
姜素拉,3044
车银优,3045
谭凯,3046
赵炳锐,3047
陈怡馨,3048
翟小兴,3049
陈美行,3050
阎娜,3051
斯琴高丽,3052
徐正曦,3053
娄淇,3054
傅天骄,3055
张彤,3056
刘思言,3057
赵阳,3058
王平,3059
唐嫣,3060
曹方,3061
王艺嘉,3062
苏瑾,3063
刘小锋,3064
徐筠,3065
叶翠翠,3066
苏梦玫,3067
傅艺伟,3068
朱桦,3069
贾盛强,3070
陈昭荣,3071
蔡远航,3072
秦丽,3073
马敬涵,3074
毕夏,3075
于晓光,3076
程媛媛,3077
程皓枫,3078
范世錡,3079
高曙光,3080
陈莉,3081
傅淼,3082
梁晶晶,3083
李智楠,3084
爱乐团,3085
杨雨婷,3086
王希怡,3087
黄爱玲,3088
许明明,3089
张伦硕,3090
EXO-M,3091
邵峰,3092
郭家铭,3093
杨安琪（国际小姐）,3094
杨棋涵,3095
徐浩,3096
董维嘉,3097
周扬,3098
代悦,3099
张远,3100
张敏,3101
许亚军,3102
张国强,3103
古晨,3104
满文军,3105
刘彦池,3106
萨日娜,3107
申军谊,3108
周诗雅,3109
濮存昕,3110
何赛飞,3111
张佳宁,3112
李乃文,3113
宋宁,3114
赵越,3115
水木年华,3116
永野芽郁,3117
许廷恩,3118
缪杰,3119
莫绮雯,3120
果静林,3121
岳跃,3122
馨子,3123
路晨,3124
王小利,3125
杨紫彤,3126
于月仙,3127
麦茜·威廉姆斯,3128
NCT,3129
王博谷,3130
高宝宝,3131
林好,3132
李肖宁,3133
宋小宝,3134
陈月末,3135
张赫宣,3136
海顿,3137
何欣,3138
舜文齐,3139
魏大勋,3140
欧豪,3141
2AM,3142
刘海宽,3143
庆庆 （台湾歌手）,3144
王晰,3145
顾长卫,3146
张瑜,3147
王乃恩,3148
甘薇,3149
林爽,3150
吕薇,3151
马海生,3152
巫迪文,3153
俞飞鸿,3154
卢庚戌,3155
关之琳,3156
王啸坤,3157
张磊（演员）,3158
艾梦萌,3159
李斯丹妮,3160
田海蓉,3161
石筱群,3162
六哲,3163
李香君,3164
曾春年,3165
王子建,3166
吕有慧,3167
贺刚,3168
贺生伟,3169
陶飞霏,3170
方琼,3171
王萌萌,3172
左小青,3173
罗晋,3174
昆凌,3175
王凯,3176
鹿晗,3177
张歆艺,3178
毛晓彤,3179
柳俊烈,3180
安佑德,3181
陈昭昭,3182
封佳奇,3183
沈浩晨,3184
威廉·达福,3185
赵鸿飞,3186
隋俊波,3187
余思潞,3188
袁菲,3189
宋晓波,3190
邢星,3191
郭子睿,3192
牛群,3193
孔子雯,3194
侯勇,3195
涂松岩,3196
郭晓然,3197
欧阳夏丹,3198
丁洋,3199
周耀杰,3200
赵宝刚,3201
JKT48,3202
戴春荣,3203
潘晓婷,3204
王洛勇,3205
吕夏葳,3206
周显欣,3207
王韵壹,3208
万思维,3209
刘美含,3210
鲁健,3211
纪敏佳,3212
王文杰,3213
张瑶,3214
董路,3215
康逸琨,3216
周奇奇,3217
刘凡菲,3218
郝洛钒,3219
徐麒雯,3220
夏子夜,3221
金炜玲,3222
霍政谚,3223
李芊墨,3224
路宏,3225
姚卓君,3226
汤非,3227
齐千郡,3228
纪英男,3229
孟佳,3230
斓曦,3231
葛晓倩,3232
梁君诺,3233
后弦,3234
杨凯淳,3235
王子强,3236
张茜,3237
陈彦妃,3238
黄灿灿,3239
王庆祥,3240
安德鲁·萨克斯,3241
于果,3242
杨烁,3243
成宫宽贵,3244
曹炳琨,3245
马思纯,3246
宋茜,3247
尹正,3248
陈学冬,3249
张大大,3250
张天爱,3251
成毅,3252
LABOUM,3253
安率滨,3254
王朝阳,3255
张天柏,3256
黄俊捷,3257
马天宇,3258
李依玲,3259
胡梦媛,3260
陈曼娜,3261
MIC男团,3262
吴若甫,3263
唐静,3264
陈芊芊,3265
曾一鸣,3266
许戈辉,3267
艾怡良,3268
马赛,3269
张籽沐,3270
庞龙,3271
许还幻,3272
斌子,3273
张丹丹,3274
张阳阳,3275
呛口小辣椒,3276
谢苗,3277
宁桓宇,3278
陈丹婷,3279
张悦轩,3280
孟楠,3281
王芳,3282
埃文·蕾切尔·伍德,3283
李栋旭,3284
邰丽华,3285
刘小小,3286
张莉,3287
周展翅,3288
孙慧雪,3289
南伏龙,3290
林宥嘉,3291
袁惟仁,3292
陆元琪,3293
申盛禄,3294
丁文琪,3295
阿里郎,3296
甘萍,3297
黑鸭子,3298
刺猬乐队,3299
冯丹滢,3300
李雨儿,3301
叶蓓蕾,3302
陈娟儿,3303
吴卓翰,3304
潘倩倩,3305
吴婷,3306
刘园园,3307
刘敏,3308
贺丹丹,3309
黄嘉乐,3310
陈鸿硕,3311
陈康健,3312
赵庭,3313
佟晨洁,3314
黄达亮,3315
陈逸恒,3316
王黎雯,3317
刘洁,3318
毛俊杰,3319
B1A4,3320
冉倩,3321
高丽雯,3322
杨立新,3323
李世英,3324
吴心缇,3325
飞鸟凉,3326
李玉玺,3327
林志程,3328
王婉霏,3329
吕熙,3330
邓永健,3332
陈宝莲,3333
许安安,3334
李豪,3335
吴业坤,3336
林一峰,3337
纪佳松,3338
舒沁妍,3339
赖琳恩,3340
白彪,3341
茵芙,3342
罗天宇,3343
蒲冰墨,3344
周笑莉,3345
高斯,3346
李依瑾,3347
傅洁娴,3348
许名杰,3349
陈维斌,3350
林子闳,3351
杜奕衡,3352
邹凯光,3353
梁家仁,3354
惠天赐,3355
庄伟建,3356
田隽,3357
张粟,3358
森美,3359
朱铁和,3360
李力持,3361
刘小慧,3362
钟欣凌,3363
郑芬芬,3364
冯铭潮,3365
朱亚英,3366
刘莉莉,3367
黄卓玲,3368
科勒·卡戴珊,3369
黄诗佳,3370
周咏轩,3371
周绍栋,3372
李丞责,3373
叶安婷,3374
林敏俐,3375
郑保瑞,3376
侯祖辛,3377
刘慧蕴,3378
赵良骏,3379
Lisa.S,3380
翁嘉穗,3381
卓义峰,3382
马楚成,3383
张坚庭,3384
方文山,3385
陆婷,3386
段钧豪,3387
彭发,3388
何中华,3389
齐奎,3390
张洪杰,3391
殷旭,3392
刘颖仪,3393
韩孝周,3394
高庚杓,3395
冷纪元,3396
龚俊,3397
刘伟强,3398
奚仲文,3399
张鑫炎,3400
石班瑜,3401
袁和平,3402
樊锦霖,3403
辛柏青,3404
陶慧娜,3405
袁志博,3406
孙铱,3407
施易男,3408
丁仰国,3409
赵崇基,3410
谭友业,3411
夏永康,3412
赵志凌,3413
于毅,3414
洪真京,3415
贾静雯,3416
贾鹏礼,3417
沈怡,3418
李慧珠,3419
李光洙,3420
文隽,3421
熊梓淇,3422
邱英洪,3423
蓝洁瑛,3424
晨诗怡,3425
赖滢羽,3426
李若曦,3427
师洋,3428
许继丹,3429
王若伊,3430
彭久洋,3431
张子健,3432
卢惠光,3433
李莫儿,3434
森森,3435
张惠妹,3436
景甜,3437
阿宝,3438
赵卓娜,3439
张殿菲,3440
李雨奚,3441
陈小匀,3442
宫如敏,3443
李斯羽,3444
尹施允,3445
张海宇,3446
李耀景,3447
刘倩婷,3448
王双宝,3449
李思思,3450
洪小乔,3451
陈芷菁,3452
宋熙年,3453
邵音音,3454
陈诗慧,3455
梁嘉琪,3456
王诗安,3457
马浩东,3458
李诗琪,3459
陈语安,3460
夏如芝,3461
赵涛,3462
刘莎,3463
田原,3464
李梦,3465
程琳,3466
孟瞳迪,3467
刁扬,3468
战菁一,3469
李亭哲,3470
李鑫雨,3471
程莉莎,3472
陈瑾,3473
陈佩骐,3474
王紫潼,3475
张大静,3476
杜志国,3477
张璇,3478
池晟,3479
陈惠敏,3480
林佳陵,3481
朱蕾安,3482
余皑磊,3483
寇世勋,3484
徐以若,3485
袁伶嫣,3486
陶泽如,3487
李霄云,3488
苏妙玲,3489
林丹,3491
李鸿其,3492
李奈映,3493
张立,3494
瑞奇·马丁,3495
真野惠里菜,3496
赵雅淇,3497
岳红,3498
姜瑞佳,3499
韩真真,3500
潘蔚,3501
伍洲彤,3502
刘蓓,3503
GIP,3504
张优,3505
邓先宇,3506
于佑福,3507
姜栋元,3508
刘馨棋,3509
李嘉雯,3510
莫允雯,3511
朴俊亨,3512
许玮甯,3513
妮琪·米娜,3514
邓伦,3515
正月十五组合,3516
丁咛,3517
伍娟,3518
陈小艺,3519
邬君梅,3520
朱哲琴,3521
童苡萱,3522
宫傲,3523
马敬伯,3524
张译木,3525
王天雷,3526
孙一明,3527
刘庭羽,3528
张心儿,3529
王溯,3530
邵新涯,3531
杨茗茗,3532
王奎荣,3533
王思思,3534
梁齐,3535
彭冠英,3536
蒲洋,3537
阳蕾,3538
闫学晶,3539
吕佳容,3540
芮伟航,3541
陈钰琪,3542
南太铉,3543
张翰（台湾演员）,3544
黄莞婷,3545
李菁菁,3546
石天琦,3547
宋祖德,3548
郑伊涵,3549
孙圳,3550
孟智超,3551
胡亚捷,3552
彭杨,3553
唐鉴军,3554
张宁江,3555
大山,3556
汪苏泷,3557
王沁宜,3558
褚乔,3559
张婉悠,3560
郝柏杰,3561
歌浴森,3562
罗海琼,3563
刘亚津,3564
张笑君,3565
范雨林,3566
王茜华,3567
周捷,3568
苏青,3569
倪大宏,3570
卜柯文,3571
邢佳栋,3572
念贤儿,3573
史兰芽,3574
刘学涛,3575
冯嘉怡,3576
沈人杰,3577
金焕城,3578
张戈,3579
李凯馨,3580
索笑坤,3581
温兆宇,3582
张一鸾,3583
王力可,3584
汤加丽,3585
马雪阳,3586
朱杰,3587
黄瑄,3588
王冕,3589
莉莉-罗丝·麦洛蒂·德普,3590
任素汐,3591
肖剑,3592
吴岱凝,3593
李霞,3594
沈佳妮,3595
徐进,3596
张丹露,3597
刘芳菲,3598
郑洁,3599
曹曦文,3600
蒋小涵,3601
于是之,3602
金希庭,3603
金允智,3604
许娜京,3605
金柳妍,3606
安心亚,3607
伊文娜·林奇,3608
Maggie Q,3609
梅根·福克斯,3610
林赛·罗韩,3611
白灵,3612
潘辰,3613
李承鹏,3614
赵靓,3615
叶钦达,3616
水亦诗,3617
王若葳,3618
韩雯雯,3619
徐箭,3620
陈俊宇,3621
张继聪,3622
童蕾,3623
钟奕儿,3624
泰勒·斯威夫特,3625
安东·尤金,3626
伊恩·麦克莱恩,3627
查理·辛,3628
super junior,3629
金·卡戴珊,3630
迪伦·奥布莱恩,3631
迈克尔·法斯宾德,3632
梁霆炜,3633
金钟云,3634
锦荣,3635
瑞安·雷诺兹,3636
维多利亚·贝克汉姆,3637
莫妮卡·贝鲁奇,3638
亨利·卡维尔,3639
王珂（刘涛老公）,3640
霍尊,3641
李佳明,3642
李悦君,3643
赵冉,3644
李彬,3645
方飞,3646
刘刚,3647
朱莉·本茨,3648
布丽特妮·罗伯森,3649
迪恩·诺里斯,3650
娜塔丽·马丁内兹,3651
蕾切尔·李费佛,3652
科林·福特,3653
阿纽林·巴纳德,3654
迈克尔·辛,3655
薛·米契尔,3656
艾什莉・本森,3657
G.Soul,3658
特莉安·贝利索里奥,3659
吴雨霏,3660
萨莎·皮特丝,3661
马子跃,3662
满江,3663
雪村,3664
麦当娜·西科尼,3665
杜燕歌,3666
拉珀特·格雷夫斯,3667
尤娜・斯塔布斯,3668
贝丝·比厄,3669
马丁·弗瑞曼,3670
Mark Gatiss,3671
Mads Langer,3672
Caroline,3673
大卫·贝克汉姆,3674
米娅·华希科沃斯卡,3675
艾米莉亚·克拉克,3676
Lisa Selesner,3677
盖尔·加朵,3678
白纬芬,3679
大卫·鲍威,3680
熊汝霖,3681
窦文涛,3682
胡婷婷,3683
林建明,3684
潘虹樾,3685
黄雅莉,3686
黄佩霞,3687
李康宜,3688
蔡珩,3689
李维真,3690
王策,3691
何晴,3692
郎昆,3693
李小婉,3694
田壮壮,3695
张倬闻,3696
颜丙燕,3697
滕文骥,3698
金美辛,3699
王双,3700
贾樟柯,3701
牛朝阳,3702
李亚红,3704
叶明子,3705
石凉,3706
母其弥雅,3707
周德华,3708
任嘉伦,3709
安吉丽娜·多罗申科娃,3710
吉雪萍,3711
刘金山,3712
倪景阳,3713
宋洋,3714
马艳丽,3715
唐艺昕,3716
侍宣如,3717
查美竹,3718
林予晞,3719
张鑫,3720
袁晶,3721
白澍,3722
李淳,3723
卢凯彤,3724
彭楚粤,3725
徐晓璐,3726
曹政奭,3727
夏梦,3728
韩晓,3729
李明启,3730
吴天明,3731
林熙妍,3732
苗海忠,3733
王一菲,3734
王博文,3735
肖彦博,3736
朱赞锦,3737
朱嘉琦,3738
谭佑铭,3739
郑晓宁,3740
班嘉佳,3741
高昊,3742
赵晨妍,3743
李安（导演）,3744
代乐乐,3745
陈伶宣,3746
周牧茵,3747
缪俊杰,3748
郭凯敏,3749
李媛,3750
李昱和,3751
冯波,3752
尹铸胜,3753
陆敏雪,3754
张雪倩,3755
李悦铭,3756
邬靖靖,3757
翟子陌,3758
倪慕斯,3759
白鹿晨,3760
孟瑞,3761
蔡瑛,3762
余敏静,3763
王启,3764
马歌,3765
潘梦莹,3766
刘婧,3767
朱桢,3768
钟伟强,3769
成青,3770
陶昕然,3771
童安格,3772
刘籽辰,3773
李天柱,3774
铃木亮平,3775
沐尔,3776
苏丁琦,3777
杨秀惠,3778
克里斯托弗·诺兰,3779
冯雷,3780
梁艺馨,3781
刘悦,3782
卫莱,3783
桥本真实,3784
李梦男,3785
何佳怡,3786
陶慧敏,3787
江珊,3788
李楠,3789
陈创,3790
闫凤娇,3791
烟花妹妹,3792
任天野,3793
王强,3794
阿普萨萨,3795
章贺,3796
王婉中,3797
高圣远,3798
戴君竹,3799
王中磊,3800
梦妮,3801
艾菲,3802
tfboys,3803
司珂华,3804
顾珊珊,3805
男才女貌,3806
常乐,3807
胡霖,3808
陈庆聪,3809
王超,3810
马健南,3811
女子十二乐坊,3812
樊昊仑,3813
邵雨涵,3814
木子美,3815
黄壮为,3816
周子琰,3817
顾莉雅,3818
钟丽燕,3819
反光镜乐队,3820
叶景滢,3821
朱婧,3822
叶凡,3823
郭玲,3824
马恺曼,3825
崔志佳,3826
惠若琪,3827
黄夕倍,3828
沈小岑,3829
曾格格,3830
盛恩,3831
孙嘉秀,3832
胡雯,3833
董铭轩,3834
汤旭,3835
倪睿思,3836
吴亦帆,3837
许冠杰,3838
王菲悦,3839
王小海,3840
应嘉俐,3841
王小玮,3842
赵鹏,3843
王文博,3844
郭阳,3845
丁武,3846
唐朝乐队,3847
石醒宇,3848
青蛙乐队,3849
姜欣雨,3850
陈都灵,3851
彭钧,3852
牛奶@咖啡,3853
果味vc,3854
檀健次,3855
零点乐队,3856
池约翰,3857
李蓉,3858
卡奇社,3859
痛仰乐队,3860
蒋中一,3861
咖啡因乐队,3862
张之夏,3863
酷爱乐团,3864
何贵林,3865
朱弘,3866
后海大鲨鱼,3867
周楠,3868
刘莹,3869
超载乐队,3870
蔡雅同,3871
麦田守望者,3872
苏阳,3873
郭晓婷,3874
高旗,3875
萧玮,3876
李庚,3878
曹馨月,3879
印海蓉,3880
万妮恩,3881
鲍家街43号,3882
郭峰,3883
赵雅莉,3884
苏阳乐队,3885
彭靖,3886
刘立伟,3887
杜十五,3888
陈艾琳,3890
李钰,3891
郑佳欣,3892
王钧赫,3893
陈楚翰,3894
张龄心,3895
关淑怡,3896
金高银,3897
安东尼·霍普金斯,3898
安娜伊思·马田,3899
蔡诗芸,3900
张萱妍,3901
白小英楠,3902
郭柯宇,3903
秦旋,3904
侯晓,3905
张然,3906
江易珈,3907
常景如,3908
伊利亚·伍德,3909
马特达蒙,3910
白纬玲,3911
布兰登·罗斯,3912
李欣桐,3913
陈一嘉,3914
王盼盼,3915
白凡,3916
刘双宁,3917
蒋林静,3918
吴昊,3919
孙嘉一,3920
康亢,3921
纳伊莎,3922
杨雯雯,3923
孙赫,3924
晨梓妍,3925
邹娜,3926
傅天颖,3927
平干二朗,3928
穆麒同,3929
卢海华,3930
邱爽,3931
陈姿颖,3932
穆薪同,3933
苗亮,3934
赵丽娟,3935
王希之,3936
高鑫,3937
曾亿伟,3938
谢晶晶,3939
GNZ48,3940
谢仙,3942
梁诗冉,3943
徐佳婧,3944
丁柳元,3945
王音棋,3946
侯京健,3947
苏小玎,3948
桥本奈奈未,3949
花昆,3950
罗刚,3951
王语嫚,3952
乔大韦,3953
吕妍昕,3954
蒋宝英,3955
王泫伊,3956
李莎,3957
鲍勃·迪伦,3958
王婉娟,3960
谢梓彬,3961
赵天阳,3962
郑奇,3963
邓安奇,3964
端木新卉,3965
蔡鹭,3966
胡枫,3967
卢卓,3968
淳于珊珊,3969
蒋璐霞,3970
高晓菲,3971
冈井千圣,3972
董玥,3973
汤姆·希德勒斯顿,3974
刘诺一,3975
贝尔·格里尔斯,3976
王思雅,3977
孙岩,3978
金蓉,3979
刘希媛,3980
许歌,3981
李昕芯,3982
张咏棋,3983
李馨琪,3984
奥多姆,3985
艾薇儿,3986
邹明皓,3987
王元雯,3988
甄子菁,3989
刘伟男,3990
李安,3991
香奈儿·辛普森,3992
林书豪,3993
丹尼尔·布鲁赫,3994
汪可盈,3995
Tubtim,3996
Kwan ,3997
秋宪坤 ,3998
于慧,3999
卡曼妮·耶美肯,4000
王兆祥,4001
郝苏北,4002
徐成峰,4003
田小洁,4004
庄夏播,4005
张乃鸥,4006
李丽虹,4007
bella ranee,4008
亚瑞克·阿莫苏帕西瑞,4009
TAE,4010
狄杰(演员),4011
Por,4012
佩苏达·坑孔伽,4013
培查雅·朝哇里,4014
Rapeepat Eakpankul,4015
查亚鹏·普帕特,4016
查亚童·斯金达,4017
札玲朋·尊克迪,4018
素格力·威塞哥,4019
纳塔楠·格亚迪拉达他尼,4020
兰娅·斯亚侬,4021
朱锐,4022
李若嘉,4023
魏辰妃,4024
杨婷婷,4025
张竞达,4026
钱芳,4027
段静,4028
张玉洁,4029
池华琼,4030
黄橙橙,4031
杨金承,4032
披拉·尼迪裴善官,4033
扎卡里·乔治·罗里格,4034
罗谢尔·阿耶斯,4035
卡特琳娜·格兰厄姆,4036
谢丽尔·科尔,4037
楠迪·宗拉维蒙,4038
Stephan Tasit,4039
阿奴沏·萨潘彭,4040
伊莉莎,4041
沃拉娜特·旺萨莞,4042
吉拉育·拉翁马尼,4043
艾丽西卡·维坎德,4044
奥斯卡·伊萨克,4045
多姆纳尔·格利森,4046
伊万·麦格雷戈,4047
奥布瑞·普拉扎,4048
奥利维亚·穆恩,4049
杰夫·高布伦,4050
奥利弗·普莱特,4051
麦德斯·米科尔森,4052
瑞贝尔·威尔森,4053
大卫·克罗斯,4054
高歆迪,4055
刘梓妍,4056
陆梅芳,4057
达斯汀·霍夫曼,4058
张凌烽,4059
卢星宇,4060
胡影怡,4061
杰克·布莱克,4062
塞斯·罗根,4063
肖恩·宾,4064
Aum P,4065
郑多彬,4066
Cherry,4067
欧文·威尔逊,4068
本·斯蒂勒,4069
柴碧云,4070
陈蓉,4071
科尔顿·海恩斯,4072
陈姿伊,4073
艾恩·格拉法德,4074
亚历珊德拉·达达里奥,4075
道恩·强森,4076
理查德·麦登,4077
凯特·布兰切特,4078
詹妮弗·莫里森,4079
冯文砚,4080
尼克·诺特,4081
戴菲,4082
乔尔·埃哲顿,4083
汤姆·哈迪,4084
莫赞·玛诺,4085
蒂姆·达利,4086
蒂娅·里欧妮,4087
朱敏希,4088
kim kimberley,4089
阿南达·爱华灵咸,4090
迪克·范·戴克,4091
Stellar,4092
河莉秀,4093
李晨（主持人）,4094
约翰·塞纳,4095
罗伯特·帕特里克,4096
凯莉·卡尔森,4097
玛丽亚·凯克,4098
苏萌瑞特·沃坦纳斯拉瑞,4099
朴哇若·对思昂格拉,4100
迪·杰西达邦·福尔迪,4101
Rinlanee Sripen,4102
婉娜拉·宋提查,4103
爱琳·尤格达塔,4104
韩鹿,4105
艾米·罗森,4106
贾斯汀·哈特雷,4107
阿什丽·曼德薇,4108
艾什顿·霍尔姆斯,4109
蒋诗萌,4110
克丽丝塔·B·艾伦,4111
乔舒华·鲍曼,4112
李星佑,4113
加布里埃尔·曼,4114
玛德琳·斯托,4115
牛子潘,4116
艾米丽·万凯普,4117
罗比·维奇,4118
特洛伊·希凡·梅莱,4119
亚历克斯·沃特森,4120
托马斯·桑斯特,4121
格兰特·古斯汀,4122
One Direction,4123
尼尔▪霍拉尼,4124
利亚姆▪佩恩,4125
赵子惠,4126
李雯雯,4127
牟凤彬,4128
陶奕希,4129
张艺霖,4130
哈里·斯泰尔斯,4131
路易斯·汤姆林森,4132
谢琳·伍德蕾,4134
麦肯基·弗依,4135
伊娃·格林,4136
杰西卡·史丹,4137
卡拉·迪瓦伊,4138
田中一成,4139
迈克·泰森,4140
藤井莉娜,4141
庄奴,4142
赛琳娜·戈麦斯,4143
黄曼,4144
季晨,4145
尚天瞳,4146
谭晓令,4147
王馨梓,4148
朱晓华,4149
徐岑子,4150
陈姝,4151
朱晏,4152
夏一瑶,4153
肖战,4154
解惠清,4155
廖晓琴,4156
娜仁花,4157
吴承轩,4158
曾曾,4159
伊春德,4160
聂子轩,4161
涓子,4162
张靓颖,4163
张钰茜,4164
刁琳琳,4165
李京怡,4166
王亚彬,4167
佟瑞欣,4168
张页石,4169
周冬齐,4170
刘馨圆,4171
赵小熠,4172
孙亦沐,4173
邹涵虹,4174
霍建起,4175
二阶堂富美,4176
GFriend,4177
高畑淳子,4178
高畑裕太,4179
潘之琳,4180
Yif,4181
王若心,4182
张钧涵,4183
朱媛媛,4184
白铭健,4185
王鸥,4186
王艳梅,4187
刘晨睿,4188
于莉,4189
张沙沙,4190
刘致妤,4191
高一玮,4192
荆浩,4193
韩青,4194
葛蕾,4195
亚当·桑德勒,4196
乔翰·厄布,4197
肖恩·罗伯茨,4198
布兰顿·思怀兹,4199
金丰,4200
李歌,4201
杰弗里·拉什,4202
尼可拉·科斯特-瓦尔道,4203
杰拉德·巴特勒,4204
黄晓娟,4205
李光复,4206
郭倩,4207
杨洪武,4208
弗兰克·格里罗,4209
安东尼·麦凯,4210
查德维克·博斯曼,4211
乔什·布洛林,4212
海莉·阿特维尔,4213
保罗·贝坦尼,4214
托马斯·克莱舒曼,4215
詹姆斯·斯派德,4216
李永林,4217
姚刚,4218
陈昱霖,4219
汤芳,4220
许明虎,4221
宋汶嘉,4222
王海祥,4223
寇碧·史莫德斯,4224
塞缪尔·杰克逊,4225
亚伦·泰勒-约翰逊,4226
伊丽莎白·奥尔森,4227
杰瑞米·雷纳,4228
马克·鲁法洛,4229
克里斯·埃文斯,4230
迟志强,4231
斯科特·阿金斯,4232
徐冬梅,4233
利亚姆·海姆斯沃斯,4234
闫婕,4235
李承炫,4236
陈祉希,4237
多米尼克·莫纳汉,4238
芦菲,4239
希亚·拉博夫,4240
克里斯托弗·瓦尔兹,4241
温明娜,4242
道格拉斯·布斯,4243
查宁·塔图姆,4244
张伟欣,4245
杰米·钟,4246
渡部笃郎,4247
金智淑,4248
林周焕,4249
郑俊英,4250
姜星,4251
矢岛舞美,4252
海伦娜·伯翰·卡特,4253
丹尼尔·海尼,4254
斯科特·安第斯,4255
莉莉·詹姆斯,4256
约翰·库萨克,4257
梦丽,4258
蒋梓乐,4259
亚德里安·布劳迪,4260
珍妮佛·安妮斯顿,4261
玛丽莲·梦露,4262
威尔·惠顿,4263
丽安娜·刘易斯,4264
晏紫东,4265
朴政珉,4266
反町隆史,4267
史蒂文·斯皮尔伯格,4268
史蒂夫·布西密,4269
史蒂夫·卡瑞尔,4270
刘朵朵,4271
卢卓婕,4272
丁建钧,4273
张莉莉,4274
汪芫,4275
段秋旭,4276
孟志超,4277
丁玉雯,4278
朱可馨,4279
李嘉桐,4280
王梓诺,4281
王焕鑫,4282
王新宇,4283
江海迦,4284
王淑,4285
高扬棋,4286
高婷婷,4287
赵悦童,4288
丁充,4289
龚蓓苾,4290
管羽,4291
谢承颖,4292
陈恒,4293
金玉婷,4294
徐爽,4295
陆子艺,4296
李世鹏,4297
姬他,4298
李建义,4299
凯莉·安妮·莫斯,4300
塞莲娜·威廉姆斯,4301
扎克·罗里格,4302
韦德·威廉姆斯,4303
汤姆·克鲁斯,4304
西蒙·赫尔伯格,4305
瑞恩·汉森,4306
小罗伯特·唐尼,4307
罗伯特·克耐普,4308
金宣儿,4309
曾秋生,4310
吴楚,4311
秦梵翔,4312
赵小锐,4313
希斯·莱杰,4314
娜奥米·沃茨,4315
列维·施瑞博尔,4316
铃木爱理,4317
沈恩珍,4318
寺岛进,4319
李多喜,4320
金亚荣,4321
金智媛,4322
郭道元,4323
罗伯特·帕丁森,4324
瑞恩·高斯林,4325
罗伯特·德尼罗,4326
保罗·布莱克索恩,4327
金容建,4328
保罗·沃克,4329
保罗·吉亚玛提,4330
保罗·韦斯利,4331
柳秀荣,4332
张真英,4333
金釉利,4334
保罗·安德斯坦,4335
尼古拉斯·霍尔特,4336
金海淑,4337
尼古拉斯·凯奇,4338
玛丽亚·亚瑞唐多,4339
林珠银,4340
郑雨盛,4341
温尚翊,4342
田中千绘,4343
迈克尔·爱默生,4344
迈克尔·科斯塔,4345
柳承龙,4346
马修·麦康纳,4347
马修·戴维斯,4348
凯文·杜拉德,4349
凯莉·希尔森,4350
凯莉·库柯,4351
凯蒂·卡西迪,4352
凯莉·斯威,4353
桐谷美玲,4354
朴根滢,4355
李钟原,4356
小泽玛利亚,4357
科特·柯本,4358
凯文·苏斯曼,4359
卡尔·厄本,4360
凯拉·奈特丽,4361
凯特·贝金赛尔,4362
凯特·温斯莱特,4363
张晓琦,4364
常波,4365
居文沛,4366
贾丽莉,4367
吴京安,4368
徐美玲,4369
凯特·戴琳斯,4370
尹国华,4371
詹姆斯·凯恩,4372
张逗逗,4373
罗伯特·约翰·伯克,4374
单阳光,4375
詹姆斯·麦卡沃伊,4376
朱利安·莫里斯,4377
乔西·查尔斯,4378
乔纳森·克特,4379
田璐,4380
詹姆斯·达西,4381
丁嘉蓝,4382
詹姆斯·贝吉·戴尔,4383
詹姆斯·甘多菲尼,4384
吉姆·斯特吉斯,4385
孔琳,4386
吉姆·帕森斯,4387
杰西·麦卡尼,4388
杰弗里·迪恩·摩根,4389
乔纳森.希尔,4390
乔·哈姆,4391
乔丁·斯帕克斯,4392
郝好,4393
崔波,4394
曹卫宇,4395
久松郁实,4396
贾斯汀·比伯,4397
刘碧丽,4398
杰西卡·查斯坦,4399
杰西卡·辛普森,4400
杰西卡·艾尔巴,4401
杰西卡·阿尔芭,4402
郑雄仁,4403
郑京浩,4404
柳承修,4405
金相佑,4406
尹民秀,4407
詹妮弗·劳伦斯,4408
朴成奎,4409
申珉熙,4410
刘承宇,4411
郑熹哲,4412
王茂蕾,4413
李建衡,4414
华娇,4415
程潇,4416
福原爱,4417
闪亮三姐妹,4418
张成源,4419
詹妮弗·洛佩兹,4420
伊恩·萨默海尔德,4421
艾德·哈里斯,4422
郭书瑶,4423
陈奕龙,4424
陈怡川,4425
张惠馨,4426
郝菲尔,4427
李东翰,4428
张晓晨,4429
杨帆,4430
赵泽文,4431
曹克难,4432
魏炳桦,4433
张亚飞,4434
顾人麒,4435
柏栩栩,4436
任昌丁,4437
艾德·维斯特维克,4438
唐·钱德尔,4439
多米尼克·珀塞尔,4440
丹尼尔·戴-刘易斯,4441
丹尼·特乔,4442
李敏豪,4443
金泰佑,4444
金尚浩,4445
金永哲,4446
张小光,4448
李海娜,4449
丹尼尔·亨利,4450
丹尼斯·吴,4451
布拉德·皮特,4452
丹尼拉·汉图楚娃,4453
丹尼尔·雷德克里夫,4454
克里斯·海姆斯沃斯,4455
安吉丽娜·朱莉,4456
切维·切斯,4457
本尼迪克特·康伯巴奇,4458
雷庆瑶,4459
王欣如,4460
谢孟伟,4461
隋凯,4462
周晓晓,4463
倪雅丰,4464
严萌,4465
朱雅琼,4466
刘晓虎,4467
张欣奕,4468
党宁,4469
黄梓熙,4470
海明威,4471
马剑琴,4472
邬立朋,4473
张筱雨,4474
那笛,4475
吴俊余,4476
凯迪,4477
林柯彤,4478
韩恩贞,4479
本·阿弗莱克,4480
许巍,4481
亦米妮,4482
刘之冰,4483
刘诗涵,4484
艾伦·斯坦佛,4485
艾丽西亚·凯斯,4486
唐妮·布莱斯顿,4487
吉姆·布劳德本特,4488
Linkin Park,4489
毛舜筠,4490
艾米·汉莫,4491
凯缇·萨克霍夫,4492
梅格·瑞恩,4493
迪安娜·罗素,4494
泰勒·派瑞,4495
斯嘉丽·约翰逊,4496
仙妮亚·唐恩,4497
美琳达·克拉克,4498
米歇尔·阿扎纳维修,4499
艾伦·佩吉,4500
艾玛·沃特森,4501
凯瑟琳·赫本,4502
郭硕,4503
吕瑶,4504
谈莉娜,4505
黄琦雯,4506
丁薇,4507
马露儿,4508
李媛静,4509
张馨之,4510
谢梦,4511
徐莹,4512
凯瑟琳·波切尔,4513
卡门·伊莱克特拉,4514
安妮·海瑟薇,4515
特瑞萨·莫克索娃,4516
惠特妮·休斯顿,4517
许杰辉,4518
克里斯汀·斯图尔特,4519
莫万丹,4520
范旭婕,4521
克里斯蒂安·贝尔,4522
夏小薇,4523
范婷婷,4524
刘君林,4525
张艺潇,4526
路子滢,4527
杨小璐,4528
何海仑,4529
维妮,4530
克里斯塔娜·洛肯,4531
许薇,4532
克里斯·诺斯,4533
克里斯·韦奇,4534
克里斯汀·芭伦斯基,4535
肖恩·沃德,4536
肖恩·康纳利,4537
伊恩·麦柯肖恩,4538
琴宝罗,4539
刘五性,4540
Mike D Angelo,4541
安内相,4542
权伍中,4543
沈恩敬,4544
金英东,4545
凯莉·布鲁克,4546
胡凯莉,4547
凯瑟琳·海格尔,4548
弗莱娅-贝阿·埃里克森,4549
李德华,4550
加尔文·哈里斯,4551
林元熙,4552
lady gaga,4553
小松菜奈,4554
Pink,4555
梅尔·吉布森,4556
徐黄丽,4557
李必立,4558
郭晶晶,4559
吴达洙,4560
基努·里维斯,4561
金泰勋,4562
梅丽尔·斯特里普,4563
阿黛尔,4564
凯瑞·穆里根,4565
里美尤利娅,4566
吴万石,4567
约翰尼·德普,4569
安信源,4570
贝齐·库尔,4571
关颖珊,4572
裘德·洛,4573
蕾哈娜,4574
吴晓辰,4575
杨琛,4576
华远,4577
苏素,4578
刘雨晴,4579
张砰砰,4580
斯诺,4581
王丹维,4582
徐黛妮,4583
高新新,4584
李畅,4585
麦莉·赛勒斯,4586
奥兰多·布鲁姆,4587
维塔斯,4588
米基·洛克,4589
芭儿·拉法莉,4590
奇希·劳尔兹,4591
朱迪·福斯特,4592
黛米·洛瓦托,4593
史泰龙,4594
杨姗姗,4595
妮可·基德曼,4596
瑞斯·伊凡斯,4598
左岩,4599
李娟,4600
漫琦,4601
王丹妮,4602
米兰达·可儿,4603
金伊彤,4604
毛貌,4605
刘玉玲,4606
凯蒂·佩里,4607
罗宾·托尼,4608
哈莉·贝瑞,4609
布莱克·莱弗利,4610
周泓,4611
乔任梁,4612
威尔·史密斯,4613
奥黛丽·赫本,4614
莉顿·梅斯特,4615
夏奇拉,4616
乌玛·瑟曼,4617
伊丽莎白·泰勒,4618
陈势安,4619
拉瑞莎·巴库洛娃,4620
魔力红乐队,4621
廉晶雅,4622
金艺媛,4623
吴珠恩,4624
陈泰华,4625
甄美里,4626
郑星露,4627
帕丽斯·希尔顿,4628
金明民,4629
玛丽亚·凯莉,4630
扎西娅,4631
严贤京,4632
赵成夏,4633
金圣洙,4634
李侑菲,4635
朴基雄,4636
贾斯汀·汀布莱克,4637
温特沃斯·米勒,4638
查理兹·塞隆,4639
班杰明,4640
伊莉娜·莎伊克,4641
娜塔丽·波特曼,4642
莎拉·布莱曼,4643
柳秀永,4644
李政敏,4646
崔江熙,4647
李尚禹,4648
布鲁斯·威利斯,4649
蒂娜·菲,4650
拉娜德雷,4651
范·迪塞尔,4652
朴亨锡,4653
成诗京,4654
尹海英,4655
鞠知延,4656
珠儿,4657
张墨丰,4658
刘洛汐,4659
邓天晴,4660
孙萌,4661
翁若青,4662
项瑾,4663
志玲,4664
王真真,4665
毛沂铮,4666
亦涵,4667
希雅,4668
Shawn Carter,4669
坎耶·维斯特,4670
秀兰·邓波儿,4671
阿德里安·布罗迪,4672
凡妮莎·威廉斯,4673
布莱恩·科兰斯顿,4674
布兰妮·斯皮尔斯,4675
乔治·克鲁尼,4676
艾丽西亚·西尔维斯通,4677
理查德·阿米蒂奇,4678
文丹妮,4679
宫薇骐,4680
张佐倩,4682
David Foster,4683
凯文.科斯特纳,4685
塞思·麦克法兰,4686
黛咪·摩尔,4687
梅丽莎·里奥,4688
莎拉·坎宁,4689
孙文婷,4690
孙一奇,4691
王珊珊,4692
于新博,4693
张蓓蓓,4694
徐凯诺,4695
肖雨雨,4696
辛迪·克劳馥,4697
任青,4698
艾什顿·库奇,4699
阿曼达·塞弗里德,4700
伊丽莎白·莫斯,4701
鲁伯特·格林特,4702
林肯公园,4703
亚力克·鲍德温,4704
艾米·亚当斯,4705
马伊姆·拜力克,4706
贝妮丝·贝耶,4707
凯丽·华盛顿,4708
米沙·克林斯,4709
孙小芸,4710
刘菲,4711
高我星,4712
金承佑,4713
崔明吉,4714
金喜爱,4715
郑义哲,4716
高周元,4717
道晖芝,4718
徐道营,4719
杨升昊,4720
姜俊英,4721
李成真,4722
朴孝信,4723
阿隆娜·塔尔,4724
徐智锡,4725
莉娜·杜汉姆,4726
郑多彬（童星）,4727
詹森·阿克斯,4728
崔秀英,4729
亚历山大·佩恩,4730
吉姆·比弗,4731
摩根·弗里曼,4732
贾德·帕达里克,4733
格蕾丝·凯丽,4734
莫瑞娜·巴卡琳,4735
费雯.丽,4736
赛琳达·斯万,4737
布里奇特·威尔逊,4738
Bonnie Tyler,4739
奈特·沙马兰,4740
甘婷婷,4741
索菲亚·布什,4742
阿比·克兰茜,4743
麦克·信田,4744
格雷琴·布雷勒,4745
苏拉·沙玛,4746
鲁裕敏,4747
李恩珠,4748
郑惠媛,4749
李在真,4750
金永云,4751
陈秀茹,4752
伊尔凡·可汗,4753
科迪·辛普森,4754
米歇尔·崔切伯格,4755
欧嘉·柯瑞兰寇,4756
布莱恩·亚当斯,4757
衣珊,4758
黄一琳,4759
王雯,4761
王秋紫,4762
杨柳青,4763
张恩宁,4764
孔燕松,4765
刘晓琳,4766
黄雅知,4767
李欣烨,4768
葛思然,4769
迪克兰·加尔布雷斯,4770
扎克·埃夫隆,4771
娜塔莉·安博莉亚,4772
马里奥·毛瑞尔,4773
杰西·艾森伯格,4774
安德鲁·加菲尔德,4775
鲁妮·玛拉,4776
洪蓉,4777
阿诺德·施瓦辛格,4778
切斯·克劳福,4779
凯瑟琳·泽塔·琼斯,4780
玛丽莲·曼森,4781
耶律雪儿,4782
殷艳宏,4783
卢洁云,4784
代娜,4785
岛袋宽子,4786
孙一菲,4787
张迎丹,4788
叶姿,4789
黄子熙,4790
杨茜茜,4791
王冉冉,4792
吴亦琳,4793
凯特·阿普顿,4794
莱昂纳多·迪卡普里奥,4795
玛丽昂·歌迪亚,4796
艾琳·安德鲁斯,4797
罗宾·威廉姆斯,4798
米拉·库妮丝,4799
科林·法瑞尔,4800
苏菲·玛索,4801
B.A.P,4802
玛丽莎·米勒,4803
康迪斯·斯瓦内普尔,4804
亚历克西斯·阿奎特,4805
艾尔·帕西诺,4806
约翰·特拉沃尔塔,4807
夏恩·韦斯特,4808
亚伦·卡特,4809
维尼·琼斯,4810
斯蒂芬·阿梅尔,4811
杜夫·朗格,4812
莉亚·迪桑,4813
韦斯利·斯耐普斯,4814
薇拉·贺兰德,4815
茱莉亚·罗伯茨,4816
妮娜·杜波夫,4817
马伊咪,4818
张澜澜,4819
坎迪丝·阿科拉,4820
章硕,4821
托比·马奎尔,4822
伍迪·哈里森,4823
史蒂文·R·麦奎因,4824
艾玛·斯通,4825
凯拉·伊薇儿,4826
eminem,4827
阿莉尔·凯贝尔,4828
马丁·弗里曼,4829
米娅·科施娜,4830
海顿·潘妮蒂尔,4831
拉什达·琼斯,4832
詹姆斯·洪,4833
莫妮卡·克鲁兹,4834
张如意,4835
高行健,4836
宁露,4837
克利斯汀·史莱特,4838
戴雪儿,4839
瑞茜·威瑟斯彭,4840
唐潇,4841
丽芙·泰勒,4842
梅丽莎·劳奇,4843
战立国,4844
孙路阳,4845
皮尔斯·布鲁斯南,4846
侯睿,4847
蒂塔·万提斯,4848
林炜,4849
佩内洛普·克鲁兹,4850
约翰尼·盖尔克奇,4851
安娜·法瑞丝,4852
昆瑙·内亚,4853
奥利维亚·维尔德,4854
杰森·斯坦森,4855
莎拉·吉尔伯特,4856
Chompoo Araya,4857
丽娅·米雪儿,4858
Maddi Jane,4859
米莎·巴顿,4860
亚当·莱文,4861
诺亚·米尔斯,4862
迈克尔·特维诺,4863
尼克·扎诺,4864
诺拉·琼斯,4865
艾希莉·辛普森,4866
詹妮佛·库里奇,4867
Brandy,4868
马克·沃尔伯格,4869
吴源斌,4870
闵先艺,4871
NIRVANA,4872
喻佳丽,4873
严敏求,4874
徐珠贤,4875
艾米·戴蒙德,4876
查斯特·贝宁顿,4877
蒂姆·罗宾斯,4878
乔丹·卡佛,4879
玛蒂娜·希尔,4880
艾米莉·布朗特,4881
蒂芬妮·沃德,4882
阿娜·伊万诺维奇,4883
蕾恩卡·克莉帕克,4884
阿格妮丝·迪恩,4885
帕翠西娅·维拉奎兹,4886
阿斯特丽德·伯格斯·弗瑞斯贝,4887
佩恩·贝格利,4888
艾米·怀恩豪斯,4889
塔莉亚,4890
希拉里·达夫,4891
凯伦·安,4892
詹妮弗·哈德森,4893
约瑟夫·高登·莱维特,4894
姬丽·哈泽尔,4895
杜晨·科洛斯,4896
珍妮·杰克逊,4897
萨莎·拜伦·科恩,4898
艾丽·拉特,4899
乔什·哈切森,4900
威廉·乔西,4901
盖·皮尔斯,4902
丹尼·叶夫曼,4903
乔恩·费儒,4904
杰森·苏戴奇斯,4905
崔钟训,4906
朴镇宇,4907
休·杰克曼,4908
吕晓霖,4909
戴菲菲,4910
任月丽,4911
刘著,4912
裴蓓,4913
黄璐,4914
施羽,4915
李先镐,4916
李成儒,4917
尹晶喜,4918
张英南,4919
东永裴,4920
朴新阳,4921
孙妍在,4922
郑允学,4923
李赫宰,4924
延宇振,4925
格温妮斯·帕特洛,4926
罗素·克洛,4927
西耶娜·盖尔利,4928
克尔斯滕·邓斯特,4929
黄天崎,4930
周里京,4931
曲婉婷,4932
埃迪·雷德梅尼,4933
米拉·乔沃维奇,4934
劳拉·布雷肯里奇,4935
张英兰,4936
诺阿·比恩,4937
戴斯蒙德·哈灵顿,4938
早安少女组,4939
金俊浩,4940
佐佐木心音,4941
西蒙·佩吉,4942
陆剑民,4943
泰勒·摩森,4944
汤姆·汉克斯,4945
凯斯·大卫,4946
马修·塞特尔,4947
苏珊·萨兰登,4948
杰西卡·斯佐尔,4949
纳赞宁·波妮阿蒂,4950
乔乔,4951
尤勇智,4952
康勒·帕奥罗,4953
凯莉·卢瑟福,4954
本·威士肖,4955
克拉克·格雷格,4956
玛格丽特·柯林,4957
阿马里·诺拉斯克,4958
鲍国安,4959
米歇尔·威廉姆斯,4960
洪冰瑶,4961
王澜霏,4962
柴格,4963
高语阳,4964
郑罗茜,4965
赵文浩,4966
比尔·科斯比,4967
阿穆隆,4968
孙志翔,4969
吴昱翰,4970
白微,4971
段林希,4972
徐婷,4973
塞巴斯蒂安·斯坦,4975
华莱士·肖恩,4976
山德·贝克利,4977
蕾切尔·薇兹,4978
阿比盖尔·斯宾赛,4979
洪晓蕾,4980
曾一萱,4981
韩鹤晓,4982
丁当,4983
辛西娅·尼克松,4984
安迪·萨姆伯格,4985
艾拉·菲舍尔,4986
查德·洛,4987
塔姆茵·瑟斯沃克,4988
比尔·哈德尔,4989
艾瑞克·斯通斯崔特,4990
阿芮尔·温特,4991
马歇尔·奥尔曼,4992
艾伦·阿金,4993
莎拉·韦恩·卡利斯,4994
彼得·斯特曼,4995
戴文·萨瓦,4996
斯塔西·基齐,4997
威廉·菲德内尔,4998
塔玛拉·菲尔德曼,4999
加勒特·莫里斯,5000
乔安娜·加西亚,5001
洛克蒙·邓巴,5002
玛莎·托马森,5003
朱丽安娜· 玛格丽丝,5004
吉娜·托瑞斯,5005
雅奇·潘嘉比,5006
布鲁克莱恩斯,5007
安德鲁·林肯,5008
乔·博恩瑟,5009
让·雷诺,5010
胡先煦,5011
梁镜珂,5012
刘立淇,5013
夏馨雨,5014
杜妍,5015
郭德纲,5016
栾云平,5017
姜昕,5018
陆翊,5019
卢思思,5020
孙紫晴,5021
谢郡,5022
黄勇,5023
洪连城,5024
赵秋生,5025
唐于鸿,5026
童彤,5027
包文婧,5028
周中和,5029
刘昌伟,5030
文浩,5031
董子武,5032
夏航燕,5033
杨卓娜,5034
柴蔚,5035
杨迪,5036
窦爱莉,5037
白雨铜,5038
侯祥,5039
刘惠宁,5040
张世会,5041
郑斯仁,5042
安泽豪,5043
赵晓明,5044
杨昱娜,5045
张哲翰,5046
麦迪娜,5047
郭明翔,5048
李佳芯,5049
仁龙,5050
吕一丁,5051
张鑫（女）,5052
许奕,5053
黄智博,5054
朱晓辉,5055
王佳宁,5056
杨非凡,5057
王丹怡栗,5058
黄瀛漩,5059
霍焰,5060
张海燕,5061
刘禹,5062
池程,5063
李璐茜,5064
徐幸,5065
姚安濂,5066
刘小光,5067
刘博皓,5068
程野,5069
马晓伟,5070
薛淑杰,5071
于明加,5072
炀姿白云,5073
郭东延,5074
郑振永,5075
何润东,5076
梁丹妮,5077
田岷,5078
杨丽萍,5079
曹艳艳,5080
奚美娟,5081
佟悦,5082
高蓓蓓,5083
张双利,5084
徐程,5085
刘芊含,5086
付悦,5087
宗晓军,5088
赵锦焘,5089
肖齐,5090
樊馨蔓,5091
张纪中,5092
潘婕,5093
香取慎吾,5094
陈一娜,5095
尹键,5096
付甲义,5097
彭思桃,5098
禹智皓,5099
姜寒,5100
郑伟,5101
白雨,5102
刘彦卿,5103
冯一非,5104
郑天玮,5105
梁冠华,5106
王宁,5107
梁丽,5108
苑冉,5109
袁中方,5110
高兰村,5112
崔珉,5113
朴素丹,5114
林娜荣,5115
程愫,5116
孙玮,5117
潘雨辰,5118
王维维,5119
任晗,5120
王玲蓉,5121
薛中锐,5122
茹萍,5123
柳珊,5124
张先衡,5125
陈佳,5126
蒋林珊,5127
瑛子,5128
桑妮,5129
袁烁程,5130
邹廷威,5131
许还山,5132
罗京民,5133
于荣光,5134
周彦岑,5135
何冰,5136
王龙华,5137
朱晓渔,5138
程瑶瑶,5139
宋运成,5140
田宇鹏,5141
黎一萱,5142
芦芳生,5143
冯国庆,5144
史鑫,5145
何政军,5146
韩中,5147
丁莉,5148
张静东,5149
田野,5150
银雪,5151
苏芸盟,5152
章婷婷,5153
钟思华,5154
鸿利,5155
赵峥,5156
夏力薪,5157
许鞍华,5158
刘洋,5159
赵盈,5160
张静静,5161
李晴,5162
赵美彤,5163
李勤勤,5164
王贝,5165
琪琪格玛,5166
谢丹,5167
祖峰,5168
杨丰宇,5169
谢钢,5170
王挺,5171
天浩,5172
雷可儿,5173
徐杉,5174
岳云鹏,5175
于越,5176
胡文喆,5177
张希,5178
李晓阳,5179
岳丽娜,5180
章申,5181
邢舟,5182
黄格选,5183
曹艳,5184
韦多利亚,5185
向甜,5186
王天辰,5187
张振宇,5188
智一桐,5189
刘蕾,5190
文江,5191
米学东,5192
雷汉,5193
陈帝文,5194
郑卫莉,5195
袁杨纯子,5196
周子茵,5197
吕聿来,5198
潘泰名,5199
关小平,5200
余心恬,5201
梓晓,5202
于滨,5203
高一童,5204
齐芳,5205
姚兵,5206
曲栅栅,5207
段黄巍,5208
张木易,5209
左小祖咒,5210
姚思寅,5211
巩贺,5212
严泰雄,5213
扎西顿珠,5214
高娅媛,5215
厉娜,5216
吕杨,5217
高炜,5218
王伯昭,5219
杨俊毅,5220
张涛,5221
赵诗梦,5222
陈石,5223
李巍,5224
徐嘉苇,5225
钟凯,5227
忠格尔加,5228
庄庆宁,5229
张云雷,5230
左溢,5231
李程彬,5232
曲尼次仁,5233
张晏端,5234
陆虎,5235
牛青峰,5236
向鼎,5237
韩秋池,5238
龚洁,5239
王诗槐,5240
叶可儿,5241
小宫有纱,5242
董勇,5243
邹宏宇,5244
孙雪宁,5245
成仁奎,5246
简弘亦,5247
李文琦,5248
巴森,5249
沈晓海,5250
孔杰,5251
李毅,5252
慕容晓晓,5253
吴健,5254
邓小巧,5255
黄鹤,5256
徐璐,5257
张玮琪,5258
王亚梅,5259
李慧珍,5260
陈倩扬,5261
丁乐锶,5262
梁政珏,5263
陈蔚而,5264
周美欣,5265
邓上文,5266
AYuKi,5267
张可佳,5268
梁爱琪,5269
朱赤丹,5270
杜敏赫,5271
张颂文,5272
殷有粲,5273
张笛,5274
陈大伟,5275
范霞,5276
何美钿,5277
原子霏,5278
吕晶晶,5279
周瑾,5280
吴幸美,5281
周丽欣,5282
朱凯婷,5283
贾妮妮,5284
阴钰辰,5285
夏达,5286
胡杨林,5287
骆胤鸣,5288
张雪芹,5289
杜斯琦,5290
商蓉,5291
张赫（内地）,5292
孟祥宇,5293
韩媛媛,5294
彭心宜,5295
谢东娜,5296
雷雷,5297
刘滨,5298
潘杰明,5299
芮成钢,5300
陈乐桐,5301
冯雪冰,5302
尚于博,5303
康辉,5304
曾黎,5305
余声,5306
夏德俊,5307
周群,5308
吴军忱,5309
陈西贝,5310
罗彬,5311
王馨悦,5312
孙祖杨,5313
张朱皓然,5314
张杨果而,5315
潘奕,5316
秦一铭,5317
汪晴,5318
梁永斌,5319
刘一含,5320
亚群,5321
刘荫,5322
周晓涵,5323
张一曼,5324
吴薇,5325
李眸,5326
万美汐,5327
李周洋,5328
施岚岚,5329
何亚男,5331
李帅,5332
刘容嘉,5333
王小川,5334
师鹏,5335
张新成,5336
高博,5337
康福震,5338
丁德龙,5339
光磊,5340
富俊峰,5341
何傲芝,5342
王嘉仪,5343
刘柏廷,5344
冯凇凇,5345
王思平,5346
陈晓萍,5347
张馨心,5348
李璐兵,5349
叶思淼,5350
王馨可,5351
张丁懿,5352
苏炳宪,5353
何艳,5354
卫诗雅,5355
程思寒,5356
任希鸿,5357
杨梓瑶,5358
古子涵,5359
曾国祥,5360
徐荣,5361
刘锐,5362
隋永青,5363
韩志,5364
萧兵,5365
白莫菲,5366
孙蛟龙,5367
肖琼,5368
邓立民,5369
李尚正,5370
王宝强,5371
林静,5372
陈郁雯,5373
张彻,5374
卓宇轩,5375
洪立华,5376
唐伟成,5377
马蓉,5378
姚奕辰,5379
杨了,5380
李博,5381
杨淇,5382
蒋恺,5383
郝蕴,5384
洋光,5385
杨天乙,5386
黄千格,5387
吴思颖,5388
郝泽嘉,5389
侯天悦,5390
杨贵媚,5391
文瑞,5392
刘科楠,5393
陈黎明,5394
冷中易,5395
胡雯娟,5396
王志心,5397
霍泥芳,5398
彭坦,5399
莫龙丹,5400
胡朝戈,5401
张佑方,5402
吴琼,5403
陈迪,5404
胡桑,5405
阿木,5406
黄娟,5407
陈泽宇,5408
孙明,5409
罗震环,5410
陈子嘟,5411
毛方圆,5412
马剑棋,5413
郭彪,5414
陆恩华,5415
闫安,5416
魏佳庆,5417
丛浩楠,5418
杨皓宇,5419
杨明娜,5420
黄俊鹏,5421
黄薪,5422
胡东,5423
黄丽娅,5424
张天阳,5425
何建泽,5426
郭冬冬,5427
毛若懿,5428
程诚,5429
钟沛枝,5430
孔舒航,5431
田翌臣,5432
柏瑞桐,5433
苏晗烨,5434
陈炳强,5435
卢正雨,5436
祝东宁,5437
杨紫婷,5438
邵思涵,5439
徐自贤,5440
孟欣,5441
周耀武,5442
周小刚,5443
瞿麟曼,5444
蔡文静,5445
刘妙,5446
陶玲玲,5447
赵一穗,5448
张子恩,5449
吕小品,5450
易莉,5451
谢宁,5452
宁才,5453
徐冲,5454
张绍林,5455
姚树华,5456
汪妤凌,5457
张中一,5458
刘昊霖,5459
阎建钢,5460
张多福,5461
王琪玮,5462
金晨,5463
谢佳,5464
管晓杰,5465
朱德承,5466
卢燕,5467
翟巍,5468
张家和,5469
夏钢,5470
陈咏歌,5471
韦正,5472
徐正超,5473
沈好放,5474
卫晓茼,5475
苏舟,5476
庞好,5477
沈悦,5478
宁敬武,5479
强小陆,5480
吴明,5481
宁海强,5482
乌尔善,5483
焦曼婷,5484
宋崇,5485
梦继,5486
何雨檬,5487
陆建光,5488
何晶晶,5489
陈彦屹,5490
石云鹏,5491
马鲁剑,5492
舒耀宣,5493
沙景昌,5494
侯伊建,5495
沈海蓉,5496
吕燕卫,5497
周炜,5498
王心圣,5499
王领,5500
胡梦娜,5501
贾宗超,5502
石天硕,5503
王一茜,5504
石兆琪,5505
付玉蒙,5506
沈丽君,5507
周蕾,5508
叶浏,5509
赵艺,5510
马以,5511
严燕生,5512
杨增元,5513
伍露茜,5514
戴云霞,5515
郑诚,5516
靳梦佳,5517
倪虹洁,5518
傅隽,5519
臧洪娜,5520
林继东,5521
张汇仓,5522
孙桂田,5523
于凌达,5524
石林,5525
张倩如,5526
孙维民,5527
刘彦君,5528
王太利,5529
佘南南,5530
翟万臣,5531
赵寰宇,5532
臧金生,5533
戴佳佳,5534
佟小虎,5535
迟蓬,5536
孟彦森,5537
孟浩强,5538
冯国强,5539
张小磊,5540
张子栋,5541
饶敏莉,5542
姚文婷,5543
李泽锋,5544
姜超,5545
阮少娜,5546
张友龄,5547
王予柔,5548
赵晨阳,5549
习雪,5550
邓雯心,5551
赵芮,5552
田沁鑫,5553
刘家成,5554
刘佳,5555
王紫伊,5556
郑方南,5557
周晓文,5558
郭兰英,5559
周波,5560
吕星辰,5561
丁少华,5562
韩立,5563
谢佳见,5564
王琳娜,5565
王涛,5566
张熙媛,5567
吴涤清,5568
王卓娅,5569
董浩,5570
倪晨曦,5571
王端端,5572
梁晓雪,5573
王莎莎,5574
张雅蓓,5575
李晓峰,5576
范俊涵,5577
梁小冰,5578
刘璐珈,5579
王艺诺,5580
林梅娇,5581
钱泳辰,5582
韩丹彤,5583
石峄,5584
艾善蒽,5585
王今铎,5586
姚美伊,5587
倪新宇,5588
施予斐,5589
龙劭华,5590
姜皓文,5591
夏语心,5592
吴廷烨,5593
姚嘉妮,5594
梁琤,5595
许纯美,5596
林雅诗,5597
伍思凯,5598
林韦伶,5599
陈明真,5600
蔡美兰,5601
赵希洛,5602
李卓庭,5603
齐豫,5605
曾臻,5606
黄明志,5607
王少伟,5608
王淑芸,5609
陈乃荣,5610
何华超,5611
陈匡怡,5612
林嘉华,5613
谢和弦,5614
李珊珊,5615
许玮伦,5616
刘乃洁,5617
萧依婷,5618
胡然,5619
樊蕊,5620
潘丽丽,5621
姜宏波,5622
欧嘉慧,5623
党昊,5624
徐申东,5625
李槐龙,5626
孙天宇,5627
陈秀丽,5628
向云龙,5629
张咏荷,5630
胡海锋,5631
林千雯,5632
丁汇宇,5633
仝晓燕,5634
刘芮麟,5635
纪雪菲,5636
孟秀,5637
吴晴晴,5638
蔡俊涛,5639
吴佩珊,5640
林苇茹,5641
向语洁,5642
王心宜,5643
刘熏爱,5644
郭婕祈,5645
姚采颖,5646
柯奂如,5647
希亚,5648
钱柏渝,5649
李秋韵,5650
陈雅婷,5651
黄子腾,5652
刘雅瑟,5653
王晓龙,5654
王宣予,5655
杨诚诚,5656
吴华新,5657
邓小坤,5658
黄稔钦,5659
妻夫木聪,5660
艾东,5661
郭帅,5662
唐妤萌,5663
赵雨菁,5664
林采欣,5665
张庆庆,5666
秦汉擂,5667
王贤志,5668
董玉峰,5669
孙璥东,5670
王晓曦,5671
高胜美,5672
房思瑜,5673
吴以琳,5674
林嘉绮,5675
许嘉凌,5676
邓翠雯,5678
车婉婉,5679
潘嘉丽,5680
韩君婷,5681
区瑞强,5682
陈嘉唯,5683
傅千盈,5684
黄湘怡,5685
万芳,5686
邱翊橙,5687
小仓优子,5688
蔡宜臻,5689
许哲佩,5690
徐少强,5691
沈芳熙,5692
向海岚,5693
李子雄,5694
刘美麟,5695
王柏杰,5696
河图,5697
元华,5698
米凯莉,5699
黎诺懿,5700
林韦辰,5701
罗君左,5702
陈孝萱,5703
邵庭,5704
陈秀珠,5705
徐歌阳,5706
高岛礼子,5707
王玉雯,5708
钱璇,5709
王俊翔,5710
纪姿含,5711
纪海星,5712
季肖冰,5713
刘彩星,5714
俞露,5715
武莉,5716
常颖,5717
武家祥,5718
倪鹏,5719
许榕真,5720
miss A,5721
朱克,5722
秦言玮,5723
刘冠麟,5724
吴木蓝,5725
贾妮,5726
阚立文,5727
李漫荻,5728
田丹,5729
赵多娜,5730
寇博,5731
余俊逸,5732
康磊,5733
秋瓷炫,5734
姚雨鑫,5735
刘文治,5736
莫岐,5738
刘浠希,5739
马晨,5740
李晖,5741
吴谨言,5742
戴子翔,5743
杜源,5744
邢雅晨,5745
任祉妍,5746
马晓晴,5747
李千娜,5748
朱芯仪,5749
潘宏彬,5750
陈立冷,5751
陈维芊,5752
夏梓桐,5753
罗康妮,5754
林立洋,5755
岳华,5756
云中岳,5757
刘美人,5758
孙雅,5759
许冠英,5760
路嘉怡,5761
包伟铭,5762
苏笠汶,5763
敖犬,5764
刘亮佐,5765
任港秀,5766
章雯淇,5767
林依霖,5768
商天娥,5769
殷琦,5770
林志华,5771
严淑明,5772
徐正康,5773
金士杰,5774
孙鹏,5775
廖俊杰,5776
蔡淇俊,5777
曾允柔,5778
韩马利,5779
张诗盈,5780
林静如,5781
陈宛蔚,5782
谢雅琳,5783
李佳颖,5784
林美秀,5785
李淑桢,5786
应蔚民,5787
谢琼暖,5788
罗北安,5789
海一天,5790
刘佳媛,5791
李依伊,5792
赵晗,5793
苗驰,5794
宫媛,5795
徐百卉,5796
黄子文,5797
张恒远,5798
孙思萌,5799
李迎旗,5800
隋存毅,5801
骆佳,5802
林娜冰,5803
殷焱,5804
李梦谦,5805
具贤皓,5806
汤晶媚,5807
栾元晖,5808
方慧,5809
赵曼竹,5810
雷滢,5811
周健楠,5812
艾楚怡,5813
肜耀忠,5814
马菁菁,5815
林夏薇,5816
马蹄露,5817
关婷娜,5818
纪亚文,5819
吴冕,5820
木江子组合,5821
邱彦翔,5822
周丹薇,5823
王凯韦,5824
卢觅雪,5825
周丹莉,5826
李曼筠,5827
邹文正,5828
尹昭德,5829
钱小豪,5830
柯雅馨,5831
李悦彤,5832
唐振刚,5833
陈亦飞,5834
林千钰,5835
路斯明,5836
张耀扬,5837
吉冈里帆,5838
麻维江,5839
陈英雪,5840
邵佩诗,5841
江耀城,5842
张胜凯,5843
张静懿,5844
王羽佳,5845
石悦安鑫,5846
李立群,5847
任泉,5848
迟立静,5849
李卓霖,5850
刘玥心,5851
王梁,5852
周斌,5853
王子睿,5854
黄少谷,5855
王敏德,5856
唐诗咏,5857
尹馨,5858
丹淳,5859
谢宁（女演员）,5860
李美琪,5861
苏芮,5862
余安安,5863
马海伦,5864
李国麟,5865
2moro,5866
中国娃娃,5867
龚施茜,5868
郭彦甫,5869
周筠,5870
尹天照,5871
钟昀呈,5872
罗凯珊,5873
雷华锋,5874
常石磊,5875
赵楚仑,5876
詹丽君,5877
孙伯纶,5878
廖彬曲,5879
杨步亭,5880
杨童舒,5881
刘语熙,5882
杨珑,5883
殷雅东,5884
徐粲金,5885
陈威旭,5886
闻小炜,5887
小沈龙,5888
陈思斯,5889
陈永馨,5890
莫海婧,5891
蓝盈莹,5892
吕行,5893
汪小敏,5894
于宇昂,5895
沈保平,5896
伍佳丽,5897
傅程鹏,5898
郑虹,5899
王霏霏,5900
洪卫,5901
杜相,5902
侯梦莎,5903
王劲松,5904
童话演唱团,5905
任柯诺,5906
任烨,5907
魏语诺,5908
翟蓓蓓,5909
郎峰,5910
崔漫莉,5911
李佳璇,5912
何达,5913
赵文琪,5914
叶蓉,5915
骆新,5916
徐洪浩,5917
崔月,5918
刘宪华,5919
周惠林,5920
赵荀,5921
赵帅,5922
刘明辉,5923
单薇,5924
hope组合,5925
涂黎曼,5926
王琳,5927
洪小铃,5928
茅子俊,5929
欧瑞伟,5930
张书豪,5931
王雨,5932
秦俊杰,5933
郭彦均,5934
陈国邦,5935
宗峰岩,5936
王媛可,5937
于波,5938
关智斌,5939
李佳航,5940
袁弘,5941
林心如,5942
宋念宇,5943
钟景辉,5944
林郁智,5945
李兴华,5946
李李仁,5947
李泰焕,5948
郑幼珍,5949
屈中恒,5950
方小月,5951
徐贵樱,5952
石锦航,5953
黄郁珊,5954
陈信宏,5955
吴毅将,5956
吴芮甄,5957
林欣蓓,5958
蔡升晏,5959
戴向宇,5960
辛一,5961
杨帅,5962
阿丽亚,5963
孙嘉璐,5964
桥本爱,5965
染谷将太,5966
肖光奕,5967
袁心冉,5968
金泽男,5969
金润吉,5970
李炳雷,5972
吴兰馨紫,5973
徐晓东,5974
吉成俊,5975
吴有熙,5976
陈继铭,5977
池石镇,5978
魏新雨,5979
魏宗万,5980
陈良平,5981
刘梓娇,5982
英壮,5983
张柏俊,5984
牛飘,5985
崔志刚,5986
朱佳煜,5987
须乾,5988
鲍逸琳,5989
富大龙,5990
吕中,5991
白卉子,5992
霍青,5993
刘交心,5994
姚鑫,5995
赵圆瑗,5996
宗利群,5997
刘潺,5998
董可飞,5999
宗平,6000
张柏嘉,6001
马精武,6002
流潋紫,6003
张雅萌,6004
程雍,6005
隋兰,6006
白若溪,6007
陈一诺,6008
董博睿,6009
岳跃利,6010
黄宇诗,6011
李东霖,6012
卓凡,6013
梁又琳,6014
黄智贤,6015
李芳雯,6016
胡诺言,6017
陈嘉桦,6018
费伟妮,6019
榕榕,6020
侯煜,6021
岳琦,6022
李民基,6023
张天其,6024
葛飞扬,6025
李解,6026
吴丹妮,6027
马光泽,6028
汤晓菲,6029
李舒桐,6030
王红涛,6031
章红艳,6032
叶子楣,6033
谢雪心,6034
吴文忻,6035
司徒瑞祈,6036
岑洁仪,6037
陈妙瑛,6038
欧锦棠,6039
方青卓,6040
龚诗嘉,6041
曾建怡,6042
小野丽莎,6043
王嵛,6044
王艺哲,6045
李小鹏,6046
葛天,6047
关雪盈,6048
王美淋,6049
BOBO,6050
吕婉柔,6051
何安琪,6052
香香,6053
王筝,6054
张家源,6055
刘宝乐,6056
陈昊宇,6057
王奕瑾,6058
冷碗碗,6059
彭维,6060
冯艺茗,6061
郭连春,6062
冠佑,6063
戚薇,6064
田馥甄,6065
严稚棱,6066
曹永廉,6067
赵成顺,6068
杜俊,6069
古明华,6070
陈复生,6071
麦长青,6072
梁荣忠,6073
王亦丰,6074
黄品冠,6075
邓丽欣,6076
牛萌萌,6077
陈坚红,6078
张超,6079
杜俊泽,6080
李梦洋,6081
徐佳莹,6082
刘思彤,6083
翟凌(兽兽),6084
裴秀智,6085
郑秀妍,6086
钟汉良,6087
井柏然,6088
刘恺威,6089
陈冠希,6090
成龙,6091
彭心晨,6092
赵泳鑫,6093
林敏骢,6094
柯以柔,6095
黄长发,6096
徐枫,6097
谷智鑫,6098
黄明,6099
孔郁,6100
陈建州,6101
刘晓庆,6102
干露露,6103
刘德华,6104
熊黛林,6105
陈浩民,6106
李易峰,6107
王岳伦,6108
林俊杰,6109
张杰,6110
朴奂喜,6111
李天翔,6113
林紫君,6114
白明华,6115
陈赫,6116
靳东,6117
潘粤明,6118
孙红雷,6119
黄渤,6120
李茂,6121
吴秀波,6122
蒋劲夫,6123
李政阳,6124
薛之谦,6125
张雨绮,6126
车晓,6127
周家怡,6128
张钧甯,6129
安以轩,6130
郭碧婷,6131
孙骁骁,6132
郑家纯,6133
郑秀晶,6134
孙耀琦,6135
陈乔恩,6136
宋慧乔,6137
杨紫,6138
林允儿,6139
陈妍希,6140
马伊琍,6141
张一山,6142
侯湘婷,6143
袁姗姗,6145
陈伟霆,6146
李钟硕,6147
张妍,6148
朱珠,6149
桥本环奈,6150
李沁,6151
黄磊,6152
古力娜扎,6153
谭松韵,6154
刘昊然,6155
迪丽热巴,6156
罗志祥,6157
徐冬冬,6158
戴予桐,6159
郑爽,6160
刘亦菲,6161
王子文,6162
张艺兴,6163
杨幂,6164
刘涛,6165
江疏影,6166
王思聪,6167
音频怪物,6168
卓依婷,6169
邓超,6170
王仕颖,6171
胡歌,6172
金勇俊,6173
李婷宜,6174
范冰冰,6175
陈云裳,6176
刀郎,6177
秦伟,6178
许绍洋,6179
金裕贞,6180
万玛才旦,6181
孔刘,6182
李炫雨,6183
赵薇,6184
钟欣潼,6185
琳琳 ,6186
李英爱,6187
葛荟婕,6188
蒋欣,6189
Tank,6190
李宗盛,6191
王燕阳,6192
苏打绿,6193
波瑠,6194
白只,6195
gala乐队,6196
洼田正孝,6197
潘斌龙,6198
陈岚,6199
宁静,6200
九把刀,6201
金雅琴,6202
宫崎美穗,6203
房飞霖,6204
尹均相,6205
李家成,6206
王亭又,6207
陈梦希,6208
董晴,6209
郭芮溪,6210
田牧宸,6211
初俊辰,6212
陈尚泽,6213
朴有天,6214
南征北战 ,6215
山崎贤人,6216
吴亦凡,6217
陈星旭,6218
岸明日香,6219
野村周平,6220
张锦程,6221
于笑,6222
门东毅,6223
刘颖伦,6224
彭豆豆,6225
邢昭林,6226
郭玮洁,6227
曾宁馨,6228
刘剑羽,6229
李兰迪,6230
余芷慧,6231
冯越,6232
陈哲远,6233
徐杨,6234
吴旭东,6235
蒲萄,6236
常戎,6237
葛铮,6238
王戈,6239
白一弘,6240
虞朗,6241
吴优,6242
孙佳雨,6243
宋楠惜,6244
王瑞子,6245
姜梓新,6246
盖玥希,6247
曲高位,6248
潘虹,6249
何耀深,6250
张熙恩,6251
冯巩,6252
李倩蓉,6253
刘诗诗,6254
吴倩,6255
陈大愚,6256
聂子皓,6257
侯俊光,6258
杨臣刚,6259
张明明,6260
李允傲,6261
衣妍婷,6262
王仁君,6263
张云龙,6264
李溪芮,6265
李东恒,6266
霍建华,6267
王天泽,6268
汪萍,6269
王元也,6270
 施潮锦子,6271
周深,6272
郭颂,6273
李天华,6274
苏红,6275
申素美,6276
亓航,6277
侯梦瑶,6278
李日詹,6279
李蕴,6280
刘钇彤,6281
becky,6282
于嘉萌,6283
王雅伦 ,6284
顾思妤,6285
猪哥亮,6286
蒋冰,6287
宋仲基,6288
朱多贺,6289
仓田保昭,6290
仓持茜,6291
童可可,6292
谭小环,6293
仓本麻衣,6295
彩音,6296
打扰一下,6297
中森明菜,6298
布施明,6299
布施绘里,6300
布袋寅泰,6301
伯原崇,6302
波冈一喜,6303
冰咲沙弥,6304
陈美琪,6305
黑岛结菜,6306
郑敬基,6307
氷上恭子,6308
冰青,6309
并木优,6310
冰高小夜,6311
冰川清志,6312
柄本佑,6313
柄本时生,6314
滨田岳,6315
滨田范子,6316
滨崎瑞穗,6317
滨崎里绪,6318
边见绘美里,6319
李世济,6320
杨威,6321
碧井椿,6322
比嘉久美子,6323
比嘉爱未,6324
本田真步,6325
本田优奈,6326
本田亚里沙,6327
本田圣奈,6328
逯恣祯,6329
加濑亮,6330
赵擎,6331
代斯,6334
本田美奈子,6335
本田理沙,6336
本田贵子,6337
本上真奈美,6338
本杉美香,6339
赖艺,6340
吕云骢,6341
刘珈彤,6342
内田有纪,6343
宫泽理惠,6344
本名阳子,6345
本广克行,6346
本多知惠子,6347
本多阳子,6348
本多彩子,6349
本城小百合,6350
北原志穗,6351
北原绘里香,6352
北原多香子,6353
北原爱子,6354
北条麻妃,6355
北条隆博,6356
倍赏千惠子,6357
倍赏美津子,6358
一美,6362
北岛优,6363
北岛玲,6364
北村荣基,6365
北村美幸,6366
北川悠仁,6367
北川英里,6368
北川米彦,6369
北川景子,6370
北川绘美,6371
北川弘美,6372
北出菜奈,6373
保田圭,6374
宝生舞,6375
宝来美雪,6376
宝龟克寿,6377
左航,6378
王永泉,6379
赵达,6380
陈牧扬,6381
戴立忍,6382
保村真,6383
保阪尚希,6384
滨野裕子,6385
滨田翔子,6386
滨丘麻矢,6387
滨田麻里,6388
板野友美,6389
官鸿,6390
张宥浩,6391
金泰焕,6392
半野喜弘,6393
伴杏里,6394
坂下千里子,6395
坂下麻衣,6396
坂田有希,6397
坂上友香,6398
坂上香织,6399
坂口哲夫,6400
陈仙梅,6401
坂口良子,6402
坂口大助,6403
坂卷明日香,6404
坂卷亮祐,6405
坂井真纪,6406
坂井优美,6407
坂井泉水,6408
板谷由夏,6409
伴都美子,6410
板东爱,6411
半场友惠,6412
坂本梓马,6413
坂本直弥,6414
坂本美雨,6416
坂本龙马,6417
游本昌,6418
坂本冬美,6419
坂本真绫,6420
柏原收史,6422
穆乐恩,6423
柏原芳惠,6424
白熊宽嗣,6425
柏幸奈,6426
百咲雏乃,6427
修睿,6428
白石小百合,6429
白石瞳,6430
白石日和,6431
白石稔,6432
白石美由纪,6433
白石美雪,6434
白石麻衣,6436
白石麻梨子,6437
白石凉子,6438
白石冬美,6439
郎月婷,6440
白鸟由里,6441
白鸟英美子,6442
白鸟樱,6443
白鸟百合子,6444
白木杏奈,6445
柏木雪乃,6446
柏木弘美,6447
白川由美,6448
白川美奈美,6449
白浜美穂,6450
白坂百合,6451
百百麻子,6452
李浩轩,6453
刘冬沁,6454
八乙女光,6455
八神遥,6456
八千草薫,6457
八奈见乘儿,6458
八木优希,6459
八木亚希子,6460
八木亚希平,6461
腾格尔,6462
巴菁子,6463
八反安未果,6464
八代亚纪,6465
奥真奈美,6466
奥田民义,6467
奥田美和,6468
黄薇渟,6469
陶嫚曼,6470
张晓谦,6471
武笑羽,6472
于恒,6473
奥田恵梨华,6474
奥山真澄,6475
奥山佳惠,6476
奥莱惠,6477
奥井雅美,6478
奥华子,6479
坂本和弥,6480
奥贯薰,6481
奥菜翼,6482
奥菜亚美,6483
奥菜惠,6484
安座间美优,6485
安原丽子,6486
安西广子,6487
岸田小雪,6488
安田奈央,6489
安田美沙子,6490
安田美和,6491
安田成美,6492
安藤裕子,6493
安藤遥,6494
黄晓婉,6495
安藤希,6496
安藤沙耶香,6497
安藤沙弥香,6498
安藤美沙,6499
安藤麻吹,6500
安藤成子,6501
安良城红,6502
安井绘里,6503
岸加奈子,6504
岸惠子,6505
安惠美,6506
岸谷香,6507
安达祐美,6508
安达有里,6509
安达忍,6510
岸本早未,6511
岸本加世子,6512
安倍夏美 ,6513
爱泽比奈,6514
爱原翼,6515
爱原千咲,6516
爱原理彩,6517
爱田由,6518
爱音优,6519
阪本丽娜,6520
爱染恭子,6521
爱内萌,6522
爱内梨花,6523
爱内里菜,6524
寺川爱美,6525
爱河里花子,6526
爱川亚美,6527
爱川香织,6528
爱川纱季,6529
爱川美里菜,6530
阿立未来,6531
阿井莉沙,6532
阿澄佳奈,6533
阿部玛利亚,6534
佐藤蓝子,6535
佐藤江梨子,6536
中村知世,6537
中岛史惠,6538
中川翔子,6539
真锅薰,6540
泽尻绘里香,6541
原史奈,6542
原千晶,6543
宇田川绫,6544
忧木瞳,6545
樱朱音,6546
樱井风花,6547
音咲绚,6548
叶山丽子,6549
星野亚希,6550
杏小百合,6551
新山千春,6552
小泽圆,6553
小泽奈美,6554
小松千春,6555
小室友里,6556
小林瞳,6557
小林惠美,6558
小池荣子,6559
小仓亚莉丝,6560
相田桃,6561
相马茜,6562
夏川纯,6563
夕树舞子,6564
细川百合子,6565
松浦亚弥,6566
松井沙也香,6567
水崎綾女,6568
树麻里子,6569
生稻晃子,6570
山本惠美,6571
森下千里,6572
三田爱,6573
三浦绮音,6574
若槻千夏,6575
日吉亚衣,6576
曲山英里,6577
秋菜枫,6578
青沼知朝,6579
浅仓舞,6580
片濑亚纪,6581
木下亚由美,6582
木内晶子,6583
美穗由纪,6584
美里真里,6585
颜卓灵,6586
麻生早苗,6587
柳明日香,6588
铃木史华,6589
铃木麻奈美,6590
来栖淳子,6591
酒井瑛里,6592
酒井彩名,6593
久保亚沙香,6594
金泽文子,6595
金泽明子,6596
近藤和美,6597
吉川绫乃,6598
戶田惠梨香,6599
河中麻系,6600
和希沙也,6601
Anna Miyashita,6602
山田凉介,6603
高木加织,6604
福井裕佳梨,6605
渡濑晶,6606
大石彩香,6607
大浦安娜,6608
川原洋子,6609
川崎爱,6610
　川岛和津实,6611
川村亚纪,6612
川村千里,6613
雏形明子,6614
朝冈实岭,6615
柴田亚由美,6616
北原梨奈,6617
马丁（女演员）,6618
卑弥呼,6619
安倍夏树,6621
安倍麻美,6622
爱香瞬,6623
铃木茜,6624
爱川杏里季,6625
白宇,6626
崔航,6627
严禹豪,6628
王艺霖,6629
李思澄,6630
王美人,6631
金瀚,6632
梁振伦,6633
庞瀚辰,6634
史妍,6635
郭连文,6636
王伍福,6637
樊营,6638
由立平,6639
孙嘉,6640
王碧琪,6641
胡洁琼,6642
赵煊,6643
龚雪,6644
吴春燕,6645
金珈,6646
池秀媛,6647
赵珉基,6648
董妮娜,6649
刘流,6650
孙霆,6651
田雷,6652
马樱侨,6653
柳小海,6654
清水美里,6655
林依婷,6656
田玲,6657
涂凌,6658
边原,6659
顾永菲,6660
铁政,6661
曹海军,6662
高英,6663
马晓灿,6664
宋佳玲,6665
寇家瑞,6666
钟承翰,6667
边程,6668
江水,6669
杨清文,6670
徐雷智,6671
江宁波,6672
刘江,6673
穆熙妍,6674
曾晓斌,6675
白红标,6676
马灿灿,6677
熊睿玲,6678
孙亮,6679
苏可,6680
徐怡淑,6681
成志娄,6682
姚居德,6683
张京生,6684
吴英実,6685
王嘉,6686
李基英,6687
李英幼,6688
李欣冉,6689
朱利安姜,6690
千宝根,6691
金香奇,6692
端木崇慧,6693
徐信爱,6694
朴洸贤,6695
金锡勋,6696
林贞恩,6697
肖艺,6698
池一株,6699
高尹,6700
东靖川,6701
刘芸杉,6702
张志坚,6703
顾宇峰,6704
毛孩,6705
马子俊,6706
俞瞳,6707
师小红,6708
卢蒽洁,6709
申奥,6710
吴其江,6711
韩依静,6712
赵倩,6713
李瑞雪,6714
黄薇,6715
金婑斌,6716
龙小菌,6717
郑萍,6718
李依蔓,6719
吴玉芳,6720
郭子千,6721
郑雅文,6722
冯婧,6723
徐贤真,6724
具元,6725
金英光,6727
罗英姬,6728
尹崇珍,6729
王乐妍,6730
张慧,6731
滕砹,6732
赵聪,6733
鲍琨,6734
党涛,6735
尚国伟,6736
孙小飞,6737
李印,6738
王九胜,6739
黄唐一佳,6740
袁鸣,6741
曹飞飞,6742
王渝文,6743
刘汉兆,6744
左启泽,6745
褚颖颖,6746
王政钧,6747
赵健,6748
唐夏娃,6749
冯邵一,6750
周诗璇,6751
韩月乔,6752
龚海铭,6753
田雨,6754
吴娱,6755
赵奎娥,6756
李彩美,6757
宋再临,6758
冯宪珍,6759
刘佳佳,6760
景收真,6761
贾延鹏,6762
郑丹瑞,6763
夏石镇,6764
王敏奕,6765
黄山怡,6766
崔武成,6767
马志刚,6768
姜邵文,6769
金圭丽,6770
储小蕾,6771
赵在铉,6772
黎源,6773
孟子义,6774
唐菀,6775
广末凉子,6776
佐野雏子,6777
孔垂楠,6778
金圣柱,6779
崔璨,6780
沈志浩,6781
黄薪惠,6782
全美善,6783
高姝瑶,6784
李慧仁,6785
姜雨辰,6786
王华英,6787
陈思豆,6788
方子春,6789
刘智扬,6790
侯雯,6791
张青,6792
塔娜花日,6793
章艳敏,6794
刘汉强,6795
房鹿,6796
刘峰超,6797
涂圣成,6798
李修蒙,6799
李赞,6800
赵美玲,6801
郭露文,6802
李美凤,6803
杨真诚,6804
樊昱君,6805
田少军,6806
苏玉华,6807
朱颜曼滋,6808
林思意,6809
邹市明,6810
晋久,6811
葛存壮,6812
吴佳怡,6813
宇宙少女 ,6814
野波麻帆,6815
梁田,6816
唐安琪,6817
全建军,6818
丁冠森,6819
王鹤润,6820
郭姝彤,6821
张雅玫,6822
冉旭,6823
王一博,6824
欧阳雯鑫,6825
王紫逸,6826
阿悄,6827
杜雨宸,6828
朴敏智,6829
陈沛妍,6830
王俐丹,6831
张铭恩,6832
刘晓晔,6833
陈稳,6834
林枫松,6835
许魏洲,6836
黄河（台湾演员）,6837
黄柏翔,6838
中岛麻未,6839
关晓彤,6840
桐华,6841
宋冬野,6842
赵晓璐,6843
李圣经,6844
山田直美,6845
谢晋,6846
马文超,6847
朱千雪,6848
赵嘉敏,6849
关凌,6850
王宽,6851
周玲安,6852
Nice,6853
朱云峰,6854
郭麒麟,6855
黄景瑜,6856
李坤城,6857
李九霄,6858
Sunshine,6859
李咏,6861
吴嘉龙,6862
小彩旗,6863
姜尘,6864
乔欣,6865
黄仲昆,6866
陈红（歌手）,6867
郑成华,6868
Poy宝儿,6869
李萌萌,6870
文薇,6871
郑丹蕾,6872
王茜,6873
周游,6874
刘虞佳,6875
许龄月,6876
王一(演员),6877
申惠善,6878
艾伦,6879
范薇,6880
王子杰,6881
于虹,6882
祝绪丹,6883
刚小希,6884
程伊,6885
黄德毅,6887
张雨剑,6888
汪铎,6889
书亚信,6890
吕义柱,6891
张小斐,6892
李子峰,6893
巍子,6894
六小龄童,6895
车学渊,6896
蔡秀彬,6897
李婳,6898
黄梦莹,6899
张林焕,6900
任言恺,6901
王靓雅,6902
王修泽,6903
宋威龙,6904
王孝忠,6906
白雪,6907
白雪（歌手）,6908
朴铄,6909
刘灿,6910
李可,6911
朴宝剑,6912
洪尧,6913
陈莹,6914
孙彩瑛,6915
金多贤,6916
名井南,6917
朴志效,6918
凑崎纱夏,6919
平井桃,6920
俞定延,6921
林娜琏,6922
TWICE,6923
刘翔,6924
费沁源,6925
王秀竹,6926
权律,6927
刘乐妍,6928
张皓然,6929
张皓然(全能艺人),6930
斋藤工,6931
马春瑞,6932
姜恩惠,6933
常远,6934
夏天,6935
汪圆圆,6936
咏梅,6937
徐悦,6938
杨卿,6939
何瑞贤,6940
内藤大湖,6941
李一桐,6942
何奉天,6943
赵欣培,6944
马条,6945
王小毅,6946
单立文,6947
马书良,6948
张博宇,6949
曾梦雪,6950
王学敏,6951
柳明明,6952
EXID,6953
李弘彬,6954
徐睿知,6955
张宇菲,6956
华原朋美,6957
苗可秀,6958
陈佩斯,6959
winner,6960
周子瑜,6961
屈楚萧,6962
斋藤飞鸟,6963
许英智,6964
陈娅安,6965
黄致列,6966
苏运莹,6967
姜汉娜,6968
林晓,6969
郑舒环,6971
魏冉,6972
翟艺舒,6973
胡悦（模特）,6974
胡悦,6975
陈实,6976
程小晋,6977
马苏,6978
孙俪,6979
安希妍,6980
李越,6981
彭昱畅,6982
海铃,6983
康宁,6984
金泽灏,6985
郭俊辰,6986
李川,6987
梁婧娴,6988
李一情,6989
安泳畅,6990
侣皓吉吉,6991
冯建宇,6992
俞白眉,6993
尹相杰,6994
马骙,6995
刘帅良,6996
张翔,6997
李现,6998
盛一伦,6999
肖央,7000
张基河,7001
杨安琪,7002
吴永伦,7003
卢彦西,7004
苏浩才,7005
许晓诺,7006
王洋,7007
陈倩,7008
谭雪,7009
金瑟祺,7010
王群,7011
盛冠森,7012
peggy,7013
卢巧音,7014
元斌,7015
吕沅轩,7016
陈子鸿,7017
彭子苏,7018
黄安,7019
张航,7020
金恩圣,7021
朱元冰,7022
陈思思,7023
杨帆（Angelababy弟弟）,7024
上官齐齐,7025
岑宁儿,7026
彭宇,7027
高君雨,7028
三上悠亚,7029
徐智熙,7030
楼佳悦,7031
SNH48,7032
川岛茉树代,7033
郑合惠子,7034
井星文,7035
徐子乔,7036
李莎旻子,7037
李晨浩,7038
张小厚,7039
好妹妹乐队,7040
代超,7041
尚语贤,7042
胡耘豪,7043
朱虹,7044
曲哲明,7045
曹骏,7046
柴智屏,7047
赵英俊,7048
Bambino,7049
徐洁儿,7050
柯俊雄,7051
戴梦梦,7052
李保田,7053
杨培安,7054
宋芸桦,7055
张楚,7056
贾玲,7057
方清平,7058
张炬,7059
何勇,7060
曾舜晞,7061
鸟叔,7062
宋佳伦,7063
赵立新,7064
佟梦实,7065
杨旭文,7066
徐翠翠,7067
陈熙明,7068
毕书尽,7069
高云翔,7070
黄轩,7071
方中信,7072
郝云,7073
TaeTiSeo,7074
阿鲁阿卓,7075
宋欣佳怡,7076
程砚秋,7077
高部爱,7078
周雨彤,7079
邵雨薇,7080
金秀贤,7081
陈欣予,7082
成梓宁,7083
热依扎,7084
袁冰妍,7085
王大陆,7086
卢广仲,7087
金岱妮,7088
沈芷凝,7089
文章,7090
胡雅斯,7091
姜雯,7092
鞠婧祎,7093
陶红,7094
张思帆,7095
汪建民,7096
UNIQ,7097
高隽雅,7098
付饶,7099
高晓攀,7100
李盼,7101
黄纪莹,7102
宋妍霏,7103
徐可,7104
李宗霖,7105
何超莲,7106
张雪迎,7107
奚梦瑶,7109
张皓宸,7110
张予曦,7112
王小平,7113
华汉,7114
白客,7115
邓紫棋,7116
李妍瑾,7117
王晓晨,7118
宋林静,7119
王琦,7120
冯允谦,7121
万国鹏,7122
杨紫琼,7123
宋妍菲,7124
宋承宪,7125
熊顿 ,7126
朴信惠,7127
蒋昌建,7128
章泽天,7129
刘畅,7131
孙怡,7132
江姵蓉,7133
夏克立,7134
李小璐,7135
韩雪,7136
刘乔安,7138
张碧晨,7139
金星,7140
张嘉欣,7141
马丽,7142
王健林,7143
黄子韬,7144
蔡康永,7145
陈雨昂,7146
黄丽玲,7147
于文华,7148
阎肃,7149
陆川,7150
徐熙娣,7151
李晨,7152
鲁伊莎,7153
张磊,7154
张丹峰,7155
欧阳娜娜,7156
周杰伦,7157
毕福剑,7158
黄晓明,7159
吴雅婷,7160
沈腾,7161
大宋佳,7162
李纯,7163
马頔,7164
千叶真一,7165
吴磊,7166
杨颖,7167
黄礼格,7168
陈珍妮,7169
释恒德,7170
沈梦辰,7171
angelababy,7172
谢金燕,7173
于文霞,7174
何曼婷,7175
南柱赫,7176
曾培,7177
侯鸿亮,7178
李孝利,7179
姜武,7180
舒畅,7181
郭晓峰,7182
舒淇,7183
窦靖童,7184
董子健,7185
李嫣,7186
乐基儿,7187
周传雄,7188
孙莉,7189
秀贤,7190
赵丽颖,7191
杨洋,7192
午马,7193
孙协志,7194
李邹珺,7195
赖水清,7196
陈向熙,7197
朱迅,7198
 王志,7199
金有谦,7200
陆瑶,7201
韦唯,7202
GOT7,7203
麦明诗,7206
马吟吟,7207
金帅,7208
彭莉,7209
肖懿航,7210
王璐,7211
刘思涵,7212
孙倩妮,7213
陈乐基,7214
邱箫婵,7215
魏然,7216
谢涤葵,7217
黄百鸣,7219
方晓莉,7220
舞思爱·羔露,7221
何猷君,7222
寇占文,7223
李晟敏,7224
曹寅,7225
刘伟,7226
王成刚,7227
闫博雅,7228
朱亚丽,7229
邱云鹏,7230
罗夏恩,7231
陈欢,7232
朱茵,7233
Twins,7234
王雅迪,7235
韩兆,7236
杜宇麒,7237
李佑晨,7238
徐濠萦,7239
纪欣伶,7240
金河均,7242
申东美,7243
朴有焕,7244
崔德文,7245
朴叙俊,7247
黄正音,7248
曹景豪,7249
金东赫,7250
郑粲右,7251
具俊会,7252
iKON,7253
金韩彬,7254
金知元,7255
宋允亨,7256
金振焕,7257
相博涛,7258
肖瑶瑶,7259
成奎安,7260
何家驹,7261
林国斌,7262
朱永棠,7263
尹扬明,7264
黄光亮,7265
麦嘉,7266
何浩文,7267
唐紫睿,7268
易天雄,7269
李海青,7270
林家嘉,7271
林晓峰,7272
陈安莹,7273
杨羚,7274
林子祥,7275
沈文程     ,7276
吕小龙,7277
李嘉琪,7278
黄圣文,7279
薛佩洁,7280
张政雄,7281
叶竞生,7282
向佐,7283
张仁勇,7284
向华胜,7285
林子豪,7286
苏永康,7287
欧阳菲菲,7288
陈庭萱,7289
李玟,7290
卓文萱,7291
杨宗纬,7292
莫文蔚,7293
言承旭,7294
吉恩惠,7295
金雪炫,7296
赵震雄,7297
李一花,7298
李絮,7299
金智英（韩童星）,7300
金智英（韩演员）,7301
金甲洙（演员）,7302
尹美罗,7303
卢举贤,7304
金惠善,7305
朴仁焕,7306
罗文姬,7307
金娜云,7309
张光（韩演员）,7310
Stephanie Lee,7311
周元,7312
吴奇隆,7313
林志玲,7314
刘丹（香港男演员）,7315
马世莉,7316
谢丽金,7317
杨烈（台湾艺人）,7318
况明洁,7319
楼学贤,7320
姚淳耀,7321
陈美凤,7322
翁瑞迪,7323
傅佩慈,7324
费曼,7325
宋玉淑,7326
柳承秀,7327
朴素美,7328
李英河,7329
徐智英,7330
金惠恩,7331
萧敬腾,7332
张惠春,7333
黄宗泽,7334
周润发,7335
张芸京,7336
柯震东,7337
宋智孝,7338
徐子淇,7339
陈意涵,7340
林正英,7341
谢霆锋,7342
周星驰,7343
吴绮莉,7344
金英玉(韩演员),7345
朴元淑,7346
李言(韩艺人),7347
韩多敏,7348
崔日华,7349
李汉威,7350
郑吝善,7351
金正泰(演员),7352
金志洙,7353
金志修,7354
权海孝,7355
刘小英,7356
安善英（演员）,7357
安吉江,7358
安瑞贤,7359
李炳俊,7360
joo,7362
韩艺仁,7363
金英在,7364
金沙朗,7365
金仁权,7366
黄胜妍,7367
闵智雅,7368
马东锡,7369
全国焕,7370
具承贤,7371
金相中,7372
宗扬,7373
朴海俊,7374
金大明,7375
李圣旻,7376
陈嘉宝,7377
糖兄妹,7378
文佳煐,7379
陈靖允,7380
林世美,7381
林祖辉,7382
张锡元（演员）,7383
朴珠美,7384
赵敏秀,7386
赵达焕,7387
朴英玲,7388
李权勋,7389
严孝燮,7390
柯得熙,7391
金镇佑,7392
陈艺率,7393
姜成民,7394
文喜京,7395
孙秉浩,7396
刘智仁（韩演员）,7397
崔正宇,7398
裴格林,7399
徐智慧,7400
吴皓升,7401
玄宇成,7402
滕丽名,7403
曾安琪,7404
卢英学,7405
金艺苑,7406
洪永城,7407
樊亦敏,7408
朴河娜,7409
姜恩卓,7410
姜艺瑟,7411
郑有美,7412
梁珈咏,7413
金昌完,7414
黄翠如,7415
李又麟,7417
李志希,7418
郭妃丽,7419
葛素媛,7420
高娜恩,7421
延俊锡,7422
林孟瑾,7423
金光民,7424
李载允,7425
李敏镐,7426
郑在娟,7427
金美伶,7428
宋纪妍,7429
尹朱尚,7430
崔成俊,7431
洪晓熙,7432
延政勋,7433
吴倩莲,7434
朴尚民,7435
检场,7436
陶妍霖,7437
王菀之,7438
李辉香,7439
姜志燮,7440
刘尔金,7441
王嫔娜,7442
王颖,7443
吴彰锡,7444
孙昌敏,7445
朴英奎,7446
吴大奎,7447
徐河俊,7448
郑珠莲,7449
魏秋桦,7450
董骠,7451
井上朋子,7452
陈豪,7453
李南星,7455
郑斌辉,7456
尹多勋,7457
李美淑,7458
郑东焕,7459
孙泰英,7460
李志勋,7461
巴钰,7462
殷悦,7463
胡佩莲,7464
李之勤,7465
傅雷,7466
李至正,7467
艾伟,7468
文雨非,7469
陆骏光,7470
周俊伟,7471
张惠雅,7472
陶喆,7473
林韦君,7474
尹珍熙,7475
韩周完,7476
黄家驹,7477
陈松勇,7478
刘以豪,7479
黄姵嘉,7480
崔允素,7481
池城,7482
黄静茵,7483
朴瑞俊,7484
吴闵硕,7485
罗弘证,7486
李雨阳,7487
万梓良,7488
蒋志光,7489
崔元英,7490
李在皇,7491
柯宇纶,7492
田正国,7493
金泰亨,7494
朴智旻,7495
郑号锡,7496
闵玧其,7497
金硕珍,7498
金南俊,7499
防弹少年团,7500
赖佩霞,7501
辉灿,7502
林家栋,7503
赵成彬,7504
有村架纯,7505
南果步,7506
铃木梨央,7507
宫近海斗,7508
小山内花凛,7509
野村麻纯,7510
徐伊安,7511
卞耀汉,7512
张智恩,7513
严基俊,7514
田光烈,7515
金所炫,7516
李初熙,7517
李大为,7518
李延镇,7519
杨怡,7520
宋善美,7521
张国柱,7522
廖峻,7523
郑成云,7524
高媛熙,7525
梁靖,7526
全泰秀,7527
谢语恩,7528
戚玉武,7529
鲍起静,7531
范鸿轩,7532
白冰冰,7533
何家劲,7534
江祖平,7535
崔哲浩,7536
张世,7537
鲜于善,7539
咸慇晶,7540
李雅琳,7541
杨智媛,7542
T-ara,7543
洪天照,7544
陈奕,7545
王者心,7546
朴智秀,7547
温朱万,7549
赵宝儿,7550
吕孔维,7551
李诗媛,7552
郑俊,7553
金玉彬,7554
李廷镇,7555
王喜,7556
赵正锡,7557
5urprise,7558
文素利,7559
李珉延,7560
李秀景,7561
金亨范,7562
尹周熙,7563
韩石圭,7564
李帝勋,7565
杜诗梅,7566
任家萱,7567
萧希榆,7568
何嘉文,7569
吴玟萱,7570
马国贤,7571
安钦云,7572
赖薇如,7573
林智贤,7574
何戎,7575
黄国伦,7576
黄百璐,7577
张心妍,7578
陈思宇,7579
陈国坤,7580
黄柏钧,7581
Mike,7582
Golf,7583
刘雪儿,7584
江野泽爱美,7585
路易斯·杰西,7586
岸优太,7587
满岛光,7588
未来穗香,7589
佐藤麻衣,7590
福士苍汰,7591
金山浩,7592
金慧善,7593
刘瑞琪,7594
张兆志,7595
余函弥,7596
杨奇煜,7597
尹彩伊,7598
刘谦,7599
谢依霖,7600
黄旼泫,7601
姜东昊,7602
金钟炫,7603
郭英敏,7604
NU'EST,7605
崔珉起,7606
杜天皓,7607
周孝安,7608
利晴天,7609
张立昂,7610
高山峰,7611
李罗,7612
陈靖婕,7613
孙其君,7614
陈宣裕,7615
李佩甄,7616
安唯綾,7617
吴怡霈,7618
张景岚,7619
许靖韵,7620
李威,7621
金贤秀,7622
李源根,7623
崔宇植,7624
Red Velvet,7625
朴秀荣,7626
孙承欢,7627
裴珠泫,7628
姜涩琪,7629
徐康俊,7630
韩可露,7631
尹邵熙,7632
李敏英,7633
王静莹,7634
马之秦,7635
陈莎莉,7636
江天佑,7637
林辰唏,7638
傅子纯,7639
柯叔元,7640
白家绮,7641
王瞳,7642
金沛晟,7643
李政颖,7644
洪天祥,7645
班杰,7646
博焱,7647
王家梁,7648
蔡志强,7649
陈德烈,7650
马振桓,7651
连晨翔,7652
黄伟晋,7653
杨铭威,7654
陈博正,7655
吕雪凤,7656
李运庆,7657
方志友,7658
周群达,7659
黄瀞怡,7660
BamBam,7661
崔荣宰,7662
宋昰昀,7663
段宜恩,7664
王嘉尔,7665
林宰范,7666
罗海岭,7667
BESTie,7668
金赛纶,7669
李健仁,7670
陈洁仪,7671
汤镇宗,7672
姜敏赫,7673
金宇彬,7674
李佳豫,7675
李绍祥,7676
曾恺玹,7677
梁俊一,7678
三浦研一,7680
费玉清,7681
黄仁德,7682
周明增,7683
吴岱融,7684
林珈安,7685
森田刚,7686
冈田准一,7687
张允正,7688
赵雪莲,7689
崔钟,7690
刘俊孝,7691
魏春光,7692
谢承均,7693
张殿伦,7694
胡洋,7695
藤本美贵,7696
田原步,7697
石川惠理,7698
山本梓,7699
上戸彩,7700
香奈儿·罗兰,7701
朴斗植,7702
三浦爱佳,7703
李彩英,7704
梅宫万纱子,7705
平山绫,7706
南波杏,7707
阿比留优,7708
李修贤,7709
史光辉,7710
王千源,7712
谢其文,7713
林伟,7714
易薇,7715
吴尚镇,7716
邓佩仪,7717
许冠文,7718
李诗英,7719
李智贤,7720
金秀妍,7721
张颖,7722
缪婷茹,7723
马玉辉,7724
杉原杏璃,7725
李铭顺,7726
钱忍和,7727
尹恩惠,7728
夏 雨,7729
王雅慧,7730
黑木明纱,7731
南拳妈妈,7732
王仁甫,7733
曾伟权,7734
林佑威,7735
郑俊浩,7736
金康宇,7737
李智妍,7738
李哈妮,7739
韦礼安,7740
河利秀,7741
释由美子,7742
陈奕迅,7743
赵雅芝,7744
张柏芝,7745
赵荣旻,7746
曺圭贤,7747
李玹雨,7748
李沇熹,7749
堺雅人,7750
武井咲,7751
未来穂香,7752
篠田麻里子,7753
天海祐希,7754
松井咲子,7755
李昶旻,7756
李玟暎,7757
萩原圣人,7758
伊东美咲,7759
宇梶刚士,7760
杉咲花,7761
洪瑜暻,7762
小嶋阳菜,7763
方旻洙,7764
李旼赫,7765
岩佐美咲,7766
车善玗,7767
Pong,7768
徐若瑄,7769
杨千嬅,7770
龚玥,7771
陈茵媺,7772
赵文瑄,7773
刘畊宏,7774
蒋家旻,7775
周汶锜,7776
张婷媗,7777
蔡玓彤,7778
邝文珣,7779
柯佳嬿,7780
梁晓珺,7781
梁雁翎,7782
魏焌皓,7783
曾馨嬅,7784
陈智燊,7785
郭田葰,7786
彭慧中,7787
杨晴瑄,7788
容瑄,7789
林漪娸,7790
简嫚书,7791
张玉嬿,7792
河旼佑,7793
李济勋,7794
EXO,7795
苍井空,7796
权志龙,7797
全智贤,7798
张东健,7799
金喜善,7800
少女时代,7801
BigBang,7802
张根硕,7803
崔始源,7804
akb48,7805
朴敏英,7806
金泰熙,7807
朴施厚,7808
金贤重,7809
金在中,7810
玄彬,7811
李多海,7812
韩佳人,7813
尼坤,7814
IU,7815
滨崎步,7816
李准,7817
李升基,7818
f(x),7819
2NE1,7820
李准基,7821
芮智媛,7822
金瑜斌,7823
泷泽秀明,7824
刘仁娜,7825
金荷娜,7826
秀爱,7827
李荷娜,7828
Wonder Girls,7829
赵寅成,7830
蔡妍,7831
李秉宪,7832
池贤宇,7833
苏志燮,7834
shinee,7835
泽尻英龙华,7836
金希澈,7837
李敏贞,7838
酒井法子,7839
PSY,7840
韩彩英,7841
坛蜜,7842
李承铉,7843
东方神起,7844
古川雄辉,7845
张瑞希,7846
指原莉乃,7847
前田敦子,7848
铃木一真,7849
金俊,7850
张娜拉,7851
张熙珍,7852
玉泽演,7853
金俊秀,7854
大野丝,7855
朴智英,7856
黄灿盛,7857
生田斗真,7858
郑容和,7859
SARA,7860
长泽雅美,7861
金载沅,7862
朴海镇,7863
白智英,7864
加藤小雪,7865
李宝英,7866
zelo,7867
山下智久,7868
金圣武,7869
孔炯轸,7870
桐谷健太,7871
佐佐木希,7872
朴世美,7873
小柳友,7874
申世京,7875
苏幼贞,7876
Kara,7877
银赫,7878
大岛优子,7879
米娜,7880
孙佳仁,7881
波多野结衣,7882
元彬,7883
金泰妍,7884
田边诚一,7885
宋钟基,7886
吕训民,7887
崔东旭,7888
坂口宪二,7889
深田恭子,7890
李贞贤,7891
金范,7892
申敏儿,7893
金起范,7894
俞承豪,7895
尹尚贤,7896
全素妍,7897
金素妍,7898
张东雨,7899
及川光博,7900
刘昌贤,7901
李东健,7902
孔侑,7903
孔孝真,7904
郑珍云,7905
高雅拉,7906
李锡勋,7907
李妍熙,7909
李正信,7910
宋智恩,7911
苍井优,7912
韩惠珍,7913
朴寒星,7914
安七炫,7915
木村拓哉,7916
张佑赫,7917
藤原纪香,7918
裴勇俊,7919
安室奈美惠,7920
Secret,7921
4minute,7922
大泽隆夫,7923
小栗旬,7924
仓木麻衣,7925
河智苑,7926
金九拉,7927
金正恩,7929
三浦春马,7930
刘亚仁,7931
龙俊亨,7932
西川贵教,7933
金泫雅,7934
维尼夫妇,7935
崔振赫,7936
申妍芝,7937
金美淑,7938
温流,7939
郑丽媛,7940
朱镇模,7941
延正勋,7942
赤西仁,7943
孙浩英,7944
具荷拉,7945
韩成珠,7946
张赫,7947
金媛熙,7948
朴真熙,7949
权俞利,7950
孙娜恩,7951
李瑞镇,7952
FTIsland,7953
朴宰范,7954
车太贤,7955
河西智美,7956
洪秀贤,7957
后藤真希,7958
堤真一,7959
苏怡贤,7960
柳时元,7961
堀北真希,7962
具惠善,7963
李智恩,7964
成宥利,7965
观月雏乃,7966
郑恩地,7967
朱智勋,7968
朱元,7969
宫崎骏,7970
松岛菜菜子,7971
李夏怡,7972
宫崎葵,7973
在熙,7974
崔真实,7975
郑允浩,7976
幸田来未,7977
金妍儿,7978
朴春,7979
蔡琳,7980
李玖哲,7981
绫濑遥,7982
文彩元,7983
车胜元,7984
福山雅治,7985
洪秀儿,7986
李弘基,7987
孙艺珍,7988
金敏喜,7989
上户彩,7990
长濑智也,7991
赵显宰,7993
玉木宏,7994
金明洙,7995
吉泽明步,7996
沈昌珉,7997
鲁敏宇,7998
张贤胜,7999
朴山多拉,8000
松本润,8001
李泰民,8002
金亨俊,8003
朴孝敏,8004
崔智友,8005
BoA宝儿,8006
全孝盛,8007
韩善花,8008
安达佑实,8009
橘庆太,8010
千正明,8011
竹野内丰,8012
安宰贤,8013
张佑荣,8014
姜智英,8016
矢野浩二,8017
橘梨纱,8018
闵孝琳,8019
金雅中,8020
高斗林,8021
李泰兰,8022
崔珉豪,8023
朴河宣,8024
山崎敬一,8025
金素恩,8026
稼农枫,8027
山田优,8028
李凡秀,8029
荣仓奈奈,8030
佐藤健,8031
敏智,8032
吉松育美,8033
李素妍,8034
真木阳子,8035
金圭钟,8036
柏木由纪,8038
曹承佑,8039
姜虎东,8040
成勋,8041
刘承俊,8042
孔贤珠,8043
李治熏,8044
孙恩书,8045
水原希子,8046
工藤静香,8047
芦田爱菜,8048
李东海,8049
安在旭,8050
boyfriend,8051
u-kiss,8052
樱井翔,8053
车仁表,8054
孔敏智,8055
田中美保,8056
柏原崇,8057
池内博之,8058
神话组合,8059
稻垣吾郎,8060
沟端淳平,8061
中岛美嘉,8062
金民基,8063
今宿麻美,8064
水谷雅子,8065
池间晶子,8066
孙丹菲,8067
吴涟序,8068
堂本刚,8069
李泰成,8070
松隆子,8071
铃木杏,8072
高贤贞,8073
王智慧,8074
朴艺珍,8075
李天熙,8076
李相烨,8077
池昌旭,8078
韩胜妍,8079
赵权,8080
高修,8081
金贤珠,8082
韩智慧,8083
朴奎利,8084
金桢勋,8085
北山宏光,8086
金长勋,8087
咸素媛,8088
李惠媛,8089
南智贤,8090
宇多田光,8091
宋昌义,8092
崔如真,8093
姜敏京,8094
任瑟雍,8095
郑宇成,8096
丁一宇,8097
刘智泰,8098
崔贞媛,8099
尹斗俊,8100
徐孝琳,8101
李起光,8102
郑柔美,8103
全慧珍,8104
韩艺瑟,8105
藤木直人,8106
姜东元,8107
铃木保奈美,8108
杉本有美,8109
朴宝英,8110
尹钟信,8111
松坂桃李,8112
李政宰,8113
徐太志,8114
二宫和也,8115
向井理,8116
李基宇,8117
筱原凉子,8118
C.N.Blue,8119
Girls Day,8120
饭岛直子,8121
井上真央,8122
竹内结子,8123
仲间由纪惠,8124
水川麻美,8125
菅野美穗,8126
尾野真千子,8127
山口智子,8128
中岛健人,8129
铃木京香,8130
相叶雅纪,8131
李青儿,8132
北野武,8133
松田翔太,8134
黑木瞳,8135
龟梨和也,8136
大政绚,8137
姜艺媛,8138
中山美穗,8139
林秀香,8140
香里奈,8141
李钟赫,8142
酒井若菜,8143
诺珉宇,8144
铃木亚美,8145
金志勋,8146
张力尹,8148
朱相昱,8149
申河均,8150
常盘贵子,8151
南优铉,8152
能年玲奈,8153
石原里美,8154
渡边麻友,8155
成东日,8156
加藤鹰,8157
玄英,8158
尹贞伊,8159
刘在石,8160
车艺莲,8161
尹美莱,8162
韩艺璃,8163
李善均,8164
吴钟赫,8165
尹启相,8166
郑宇,8167
申素率,8168
高耀太,8169
郑佳恩,8170
白佳,8171
崔丹尼尔,8172
李贤宰,8173
沈贤星,8174
郑在英,8175
金东旭,8176
卢珉宇,8177
赵英敏,8178
多田爱佳,8179
ajoo,8180
金钟民,8181
高城亚树,8182
HKT组合,8184
姜胜允,8185
千田爱莎,8186
金钟旭,8187
薛仕凌,8188
松原夏海,8189
金建模,8190
金珉硕,8191
大家志津香,8192
仓持明日香,8193
金钟大,8194
朴再兴,8195
具俊晔,8196
全慧彬,8197
花耀飞,8198
河佑善,8199
申智,8200
冈本圭人,8201
薮宏太,8202
金基石,8203
朴正炫,8204
邬祯琳,8205
白雅言,8206
纪文惠,8207
大东俊介,8208
罗忆诗,8209
韩宰锡,8210
李海丽,8211
赵光敏,8212
平田康之,8213
有冈大贵,8214
大冢匡将,8215
黄宝拉,8216
森本龙太郎,8217
赵慧仙,8218
大冢爱,8219
柳德焕,8220
金有贞,8221
李珉宇,8222
金孝珍,8223
安藤政信,8224
朴智彬,8225
饭岛爱,8226
金民钟,8227
申东旭,8228
丰川悦司,8229
李俊基,8230
河村隆一,8231
上野树里,8232
rain,8233
金有美,8234
姜成勋,8235
金来沅,8236
伊野尾慧,8237
李秀赫,8238
沈银河,8239
连政勋,8240
林志颖,8241
刘嘉玲,8242
蔡依林,8243
巩俐,8244
王力宏,8245
蔡少芬,8246
梁朝伟,8247
萧亚轩,8248
胡杏儿,8249
伊能静,8250
容祖儿,8251
张曼玉,8252
林青霞,8253
赵又廷,8254
房祖名,8255
林峰,8256
王祖贤,8257
黎明,8258
曾志伟,8259
陈慧琳,8260
萧蔷,8261
梁咏琪,8262
范玮琪,8263
梁洛施,8264
张国荣,8265
吴彦祖,8266
周慧敏,8267
霍启刚,8268
孙燕姿,8269
杨丞琳,8270
周秀娜,8271
温碧霞,8272
张学友,8273
钟丽缇,8274
应采儿,8275
郑秀文,8276
侯佩岑,8277
余文乐,8278
陈小春,8279
汪东城,8280
周渝民,8281
庾澄庆,8282
苏有朋,8283
郑伊健,8284
吴佩慈,8285
黎姿,8286
林熙蕾,8287
郑嘉颖,8288
古天乐,8289
黄秋生,8290
佘诗曼,8291
张智霖,8292
欧弟,8293
梁静茹,8294
薛凯琪,8295
吴宗宪,8296
李连杰,8297
王心凌,8298
袁咏仪,8299
张韶涵,8300
冯德伦,8301
齐秦,8302
钟楚红,8303
苟芸慧,8304
吴君如,8305
蔡卓妍,8306
阮经天,8307
杜汶泽,8308
何韵诗,8309
吴卓羲,8310
吴千语,8311
潘玮柏,8312
林忆莲,8313
梅艳芳,8314
叶璇,8315
翁虹,8316
郭采洁,8317
郭美美,8318
吴克群,8319
郑中基,8320
任贤齐,8321
郑少秋,8322
陶晶莹,8323
吴建豪,8324
许志安,8325
刘若英,8326
林依晨,8327
叶玉卿,8328
邱泽,8329
萧淑慎,8330
彭于晏,8331
蒙嘉慧,8332
古巨基,8333
黄贯中,8334
桂纶镁,8335
朱丽倩,8336
邓丽君,8337
隋棠,8338
李若彤,8339
洪金宝,8340
五月天,8341
黄立行,8342
黄耀明,8343
陈若仪,8344
陈汉典,8345
王祖蓝,8346
琼瑶,8347
张景淳,8348
李双江,8349
陈柏霖,8350
黄子佼,8351
谢婷婷,8352
方力申,8353
李颖芝,8354
陈晓东,8355
蔡健雅,8356
郑元畅,8357
庄思明,8358
关颖,8359
谢芷蕙,8360
阿杜,8361
陈法拉,8362
刘青云,8363
吴镇宇,8364
武艺,8365
钟镇涛,8366
朱俞硕,8367
高凌风,8368
姚元浩,8369
罗嘉良,8370
明道,8371
曾宝仪,8372
郭羡妮,8373
徐子珊,8374
宣萱,8375
张庭,8376
许茹芸,8377
费翔,8378
方大同,8379
李治廷,8380
钟嘉欣,8382
张震,8383
谢贤,8384
丁子高,8385
hold住姐,8386
吴亚馨,8387
汤盈盈,8388
欧阳震华,8389
任达华,8390
连诗雅,8391
王丽达,8392
谭咏麟,8393
杜德伟,8394
by2,8395
林志炫,8396
张兆辉,8397
杨思琦,8398
许绍雄,8399
温岚,8400
包小柏,8401
钱嘉乐,8402
SHE,8403
万绮雯,8404
李丽珍,8405
金燕玲,8406
叶童,8407
邓萃雯,8408
张家辉,8409
叶德娴,8410
林凤娇,8411
邵美琪,8412
温兆伦,8413
张暖雅,8414
刘浩龙,8415
夏台凤,8416
金城武,8417
辛晓琪,8418
朱玲玲,8419
立威廉,8420
张卫健,8421
樊少皇,8422
谢安琪,8423
陈冲,8424
汪诗诗,8425
彭家丽,8426
范晓萱,8427
刘心悠,8428
蓝心湄,8429
郑欣宜,8430
潘迎紫,8431
麦浚龙,8432
凤飞飞,8433
谢天华,8434
罗仲谦,8435
李翊君,8436
曹格,8437
王璐瑶,8438
喻虹渊,8439
马国明,8440
蓝正龙,8441
李彩桦,8442
周家蔚,8443
倪诗蓓,8444
陈少霞,8445
王中皇,8446
任容萱,8447
孟广美,8448
许慧欣,8449
王杰,8450
杨恭如,8451
刘俐,8452
梁家辉,8453
林威成,8454
吴辰君,8455
杨丽音,8456
林敬刚,8457
周柏豪,8458
李玲玉,8459
林嘉欣,8460
江若琳,8461
田蕊妮,8462
炎亚纶,8463
张敬轩,8464
胡瓜,8465
张信哲,8466
惠英红,8467
JPM,8468
天心,8469
翁美玲,8470
李毓芬,8471
许腾方,8472
袁成杰,8473
陈怡蓉,8474
钟淑慧,8475
那维勋,8476
陈美心,8477
严立婷,8478
杨采妮,8479
曾守明,8480
胡定欣,8481
陈冠霖,8482
徐乃麟,8483
朱慧珍,8484
谢雨欣,8485
陈可辛,8486
杨谨华,8487
郭晋安,8488
罗大佑,8489
郭可盈,8490
洪天明,8491
孟庭苇,8492
小虎队,8493
关咏荷,8494
张天霖,8495
戴佩妮,8496
张孝全,8497
李亚男,8498
柯有伦,8499
谭耀文,8500
贺军翔,8501
何傲儿,8502
朱孝天,8503
马德钟,8504
张清芳,8505
杨佑宁,8506
郑世豪,8508
依绫,8509
温家伟,8510
方岑,8511
何紫慧,8512
周丽淇,8513
黎耀祥,8514
焦恩俊,8515
吴洛仪,8516
吴映洁,8517
孙兴,8518
陈山聪,8519
徐怀钰,8520
黄日华,8521
郭雪芙,8522
郑希怡,8523
陈志朋,8524
毛林林,8525
林若亚,8526
白歆惠,8527
洪欣,8528
黄小琥,8529
季芹,8530
宋新妮,8531
徐淑敏,8532
廖碧儿,8533
黄舒骏,8534
高以翔,8535
范文芳,8536
汪明荃,8537
安志杰,8538
唐宁,8539
卫兰,8540
林采缇,8541
骆应钧,8542
恭硕良,8543
白健恩,8544
翁滋蔓,8545
曾华倩,8546
黄榕,8547
张智尧,8548
陈狄克,8549
王阳明,8550
陈凯琳,8551
斯琴格日乐,8552
吴青峰,8553
狄波拉,8554
叶凯茵,8555
李思捷,8556
俞小凡,8557
王若琳,8558
陈玉莲,8559
李漫芬,8560
动力火车,8561
黄少祺,8562
黎瑞恩,8563
汤镇业,8564
陈珂冰,8565
黄小柔,8566
余子明,8567
羽庭,8568
叶山豪,8569
沈凌,8570
陈楚河,8571
李心艾,8572
周艳泓,8573
黄维德,8574
莫凯谦,8575
庹宗华,8576
陈键锋,8577
邵逸夫,8578
陈百祥,8579
浪花兄弟,8580
陈德容,8581
田丽,8582
陈俊言,8583
刘松仁,8584
方炯镔,8585
刘文正,8586
林瑞阳,8587
甄妮,8588
谢君豪,8589
米雪,8590
郑则仕,8591
倪安东,8592
李司棋,8593
陈松伶,8594
高海宁,8595
朱晨丽,8596
陈炜,8597
赖斯翔,8598
孙芸芸,8599
李克勤,8600
孙耀威,8601
巫启贤,8602
吴家骀,8603
罗慧娟,8604
文咏珊,8605
林芯仪,8606
魏德圣,8607
魏蔓,8608
戎祥,8609
侃侃,8610
何耀珊,8611
陈司翰,8612
苑琼丹,8613
萧煌奇,8614
刘家良,8615
胡耀辉,8616
陈鲁豫,8617
唐禹哲,8618
关菊英,8619
张瑞涵,8620
元秋,8621
吴启华,8622
王晓玉,8623
罗泳娴,8624
吕良伟,8625
林育群,8626
麦皓儿,8627
薛家燕,8628
陈以岫,8629
尔冬升,8630
张晨光,8631
彭佳慧,8632
丁子峻,8633
辰亦儒,8634
于文凤,8635
叶倩文,8636
黄家强,8637
查小欣,8638
周华健,8639
范逸臣,8640
严爵,8641
庄思敏,8642
刘家辉,8643
杜琪峰,8644
戴爱玲,8645
朱璇,8646
茜拉,8647
祝钒刚,8648
杨千霈,8649
飞儿乐团,8650
梁汉文,8651
丁春诚,8652
棒棒堂,8653
林欣彤,8654
陈展鹏,8655
郑融,8656
严艺丹,8657
李诗韵,8658
叶世荣,8659
王传一,8660
李佳薇,8661
潘美辰,8662
江蕙,8663
陈嘉桓,8664
张蔷,8665
大炳,8666
陈慧娴,8667
蔡龄龄,8668
伍佰,8669
江美琪,8670
安钧璨,8671
于洋（男）,8672
黄韵玲,8673
张震岳,8674
周汤豪,8675
官恩娜,8676
刘雪华,8677
丁小芹,8678
杨一展,8679
林子聪,8680
李心洁,8681
林保怡,8682
陈嘉容,8683
苏慧伦,8684
施祖男,8685
张可颐,8686
马浚伟,8687
温升豪,8688
徐小凤,8689
郑裕玲,8690
关礼杰,8691
郑凡,8692
刘锡明,8693
陈庭欣,8694
陈敏之,8695
信乐团,8696
潘安邦,8697
吴孟达,8698
孙志群,8699
孙淑媚,8700
苗侨伟,8701
光良,8702
高慧君,8703
陈秀雯,8704
陈僖仪,8705
吴亭欣,8706
林于超,8707
徐天佑,8708
黄义达,8709
黎芷珊,8710
范植伟,8711
郑浩南,8712
吴立琪,8713
方皓玟,8714
何欣穗,8715
邱琦雯,8716
梁靖琪,8717
凤小岳,8718
林雪,8719
胡宇威,8720
谢欣颖,8721
陈爽,8722
冯淬帆,8723
黄德斌,8724
蓝又时,8725
王子鱼,8726
梁烈唯,8727
李婉华,8728
戴庚玲,8729
袁嘉敏,8730
关宝慧,8731
吴耀汉,8732
赵传,8733
梁小龙,8734
张勋杰,8735
关心妍,8736
陶大宇,8737
吴大维,8738
郭政鸿,8739
陈俊生,8740
璩美凤,8741
黄鸿升,8742
张之亮,8743
夏文汐,8744
赖芊合,8745
香蜜拉,8746
杨思敏,8747
张舒雅,8748
郭品超,8749
徐熙媛,8750
袁咏琳,8751
郭静,8752
洪小玲,8753
陈绮贞,8754
沈震轩,8755
罗家英,8756
狄娜,8757
伍咏薇,8758
徐至琦,8759
李香琴,8760
王浩信,8761
陆诗韵,8762
向华强,8763
吕慧仪,8764
陈志云,8765
陈慧珊,8766
林文龙,8767
杨丽菁,8768
张小燕,8769
戈伟如,8770
陈自瑶,8771
黄品源,8772
曾沛慈,8773
金海心,8774
曹敏莉,8775
罗彩玲,8776
林芷嘉,8777
李馨巧,8778
李立崴,8779
黄大炜,8780
梁心颐,8781
许维恩,8782
刘雅婷,8783
刘雅丽,8784
黄嘉千,8785
叶玮庭,8786
何嘉莉,8787
李逸朗,8788
朱咪咪,8789
王希瑶,8790
胡慧中,8791
岑丽香,8792
尤雅,8793
高明骏,8794
成方圆,8795
刘锦玲,8796
邓九云,8797
莫少聪,8798
麦子乐,8799
艾莉丝,8800
王梓轩,8801
赵咏华,8802
辛龙,8803
刘威煌,8804
邓梓峰,8805
罗力威,8806
魏如萱,8807
农夫,8808
康康,8809
可米小子,8810
钟舒祺,8811
同恩,8812
李绮雯,8813
林凡,8814
姚乐怡,8815
许美静,8816
林颖彤,8817
陈百强,8818
傅嘉莉,8819
张皓明,8820
刘珊玲,8821
陈为民,8822
元骏豪,8823
刘美君,8824
叶全真,8825
章小蕙,8826
林美贞,8827
陈庭妮,8828
吴若希,8829
杜宇航,8830
翟威廉,8831
黄伊汶,8832
何超仪,8833
吕颂贤,8834
黄淑仪,8835
谢祖武,8836
张颖康,8837
尹子维,8838
陈珊妮,8839
朱敏瀚,8840
沈卓盈,8841
徐锦江,8842
林晓培,8843
游莨维,8844
赵骏亚,8845
张心杰,8846
顾宝明,8847
黎燕珊,8848
赵正平,8849
张嘉儿,8850
曾江,8851
梁正群,8852
沈建宏,8853
郑智化,8854
文颂娴,8855
贝安琪,8856
许雅涵,8857
吴恩文,8858
唐文龙,8859
孙自佑,8860
凌伊娃,8861
叶佩雯,8862
韩瑜,8863
雷宇扬,8864
喻可欣,8865
修杰楷,8866
张凯丽,8867
苏见信,8868
赖雅妍,8869
汤宝如,8870
申东靖,8871
恬妞,8872
乐瞳,8873
林师杰,8874
迪克牛仔,8875
雷凯欣,8876
江美仪,8877
敖嘉年,8878
严浩,8879
陈美诗,8880
钟舒漫,8881
张达明,8882
潘仪君,8883
向娃,8884
陈彦蓉,8885
陈法蓉,8886
石天,8887
刘品言,8888
陈文媛,8889
张博昱,8891
郭蔼明,8892
黄长兴,8893
施念慈,8894
江欣燕,8895
郑靓歆,8896
曾丽珍,8897
高钧贤,8898
张豪龙,8899
郭少芸,8900
张美妮,8901
邓健泓,8902
周志文,8903
江华,8904
周冰倩,8905
廖启智,8906
姚子羚,8907
阮兆祥,8908
杨乃文,8909
王耀庆,8910
邓光荣,8911
卓韵芝,8912
孟耿如,8913
杨爱瑾,8914
田家达,8915
黄浩然,8916
秦沛,8917
陈升,8918
郑俊弘,8919
连凯,8920
梁钊峰,8921
萧正楠,8922
傅颖,8923
沈玉琳,8924
邱心志,8925
崔建邦,8926
大元,8927
黄智雯,8928
伍允龙,8929
李恭,8930
许佩榆,8931
顺子,8932
朱海君,8933
沈爱琳,8934
马咏恩,8935
关婉珊,8936
林婉霞,8937
张秀文,8938
李君妍,8939
罗欣羚,8940
叶婷芝,8941
陈亭嘉,8942
徐萌,8943
石天欣,8944
李文煊,8945
汤宝珍,8946
李雪莹,8947
范彩儿,8948
翁佳妮,8949
张莉莎,8950
黄玉荣,8951
邱凯伟,8952
183club,8953
青鸟飞鱼,8954
刘文杰,8955
颜行书,8956
颜志琳,8957
黄迈可,8958
张筱婕,8959
翁倩玉,8960
江奇霖,8961
蜜雪薇琪,8962
徐佳琪,8963
杨瑞代,8964
黑girl,8965
陈怡君,8966
宋健彰,8967
钟佐泓,8968
元卫觉醒,8969
周宜霈,8970
是元介,8971
詹雯婷,8972
阿沁,8974
樱桃帮,8975
冰淇淋少女组,8976
尤秋兴,8977
王芷蕾,8978
锦绣二重唱,8979
张致恒,8980
吕莘,8981
黄锦雯,8982
于台烟,8983
顽童MJ116,8984
商东茜,8985
张慧慈,8986
陈绮萱,8987
关诗敏,8988
龚嘉欣,8989
阎奕格,8990
蒋嘉莹,8991
康祯庭,8992
陈美娇,8993
向蕙玲,8994
黄铠晴,8995
钟汶,8996
李家鼎,8997
何君诚,8998
李成昌,8999
何婉盈,9000
杨证桦,9001
杨瑞麟,9002
金佩珊,9003
高俊文,9004
郭一凡,9005
张达伦,9006
冯素波,9007
徐忠信,9008
任婕,9009
菁玮,9010
梁舜燕,9011
姚浩政,9012
夏俊峰,9013
黄子衡,9014
李丽丽,9015
黄元申,9016
程可为,9017
姚莹莹,9018
徐小明,9019
吕珊,9020
郑可为,9021
许家杰,9022
黄子雄,9023
林宝,9024
林子善,9025
张秀卿,9026
张明敏,9027
刘明湘,9028
周定纬,9029
方宥心,9030
张伯宏,9031
易欣,9032
王若琪,9033
陈少华,9034
何真真,9035
蔚雨芯,9036
方珈悠,9037
林慧萍,9038
张榕容,9039
吴淑敏,9040
岳薇,9041
蔡秋凤,9042
何雁诗,9043
高瑞欣,9044
郑雪儿,9045
路嘉欣,9046
林吟蔚,9047
陈冠蒲,9048
顾媚,9049
吴浩康,9050
林子良,9051
叶欢,9052
陈杰瑞,9053
卢家宏,9054
俞静,9055
林俊逸,9056
石康钧,9057
李丹阳,9058
侯德健,9059
李国毅,9060
蔡小虎,9061
范宗沛,9062
周子扬,9063
依稀,9064
钟一宪,9065
陈仁丰,9066
曹雪,9067
伍家辉,9068
戴娆,9069
蔡国权,9070
邵夷贝,9071
大支,9072
童丽,9073
余宪忠,9074
陈威全,9075
孟慧圆,9076
黄建为,9077
于文文,9078
葛兆恩,9079
林海峰,9080
张镐哲,9081
林奕匡,9082
陈雷,9083
翁立友,9084
黄乙玲,9085
胡清蓝,9086
欧得洋,9087
舒舒,9088
七朵花,9089
龙宽,9090
回声乐团,9091
张芯瑜,9092
连晋,9093
梁一贞,9094
孔镱珊,9095
田启文,9096
陈依婷,9097
曾少宗,9098
简慕华,9099
熊宝贝乐团,9100
裘海正,9101
本多RuRu,9102
张松枝,9103
宇宙人,9104
蒋雅文,9105
张玉华,9106
雪妮,9107
陈颖妍,9108
许仁杰,9109
卢宛茵,9110
林宇中,9111
徐飒,9112
何绮云,9113
咻比嘟哗,9114
麦玲玲,9115
蓝钧天,9116
郑丽莎,9117
薛芷伦,9118
伦紫玄,9119
谢健忠,9120
吴晴,9121
余慕莲,9122
龙隆,9123
胡渭康,9124
洪智杰,9125
吴慷仁,9126
潘冠霖,9127
林利霏,9128
李美慧,9129
苗可丽,9130
陈霁平,9131
林小楼,9132
利嘉儿,9133
郭民富,9134
陈琪,9135
汤怡,9136
吴佩柔,9137
王宥胜,9138
刘晓彤,9139
杨怀民,9140
罗乐林,9141
周焯华,9142
郭可颂,9143
王柳雯,9144
江宏杰,9145
李蒽熙 ,9146
郑云灿,9147
刘石坚,9148
程晓玥,9149
李冰玉,9150
朱宸慧,9151
黄慧,9152
李惠玥,9153
林静仪,9154
冯轲,9155
方媛,9156
赵一涵,9158
谢杏芳,9159
李安琪,9160
刘强东,9161
