subject,from_id,relation,object,to_id
李玥,2292,姐弟,秦俊杰,5933
胡静,2379,同学,刘烨,2347
胡静,2379,同学,秦海璐,2390
胡静,2379,同学,袁泉,2519
胡静,2379,同学,梅婷,2178
胡静,2379,同学,秦昊,2566
胡静,2379,同学,牛青峰,5236
胡静,2379,同学,曾黎,5305
胡静,2379,同学,章子怡,2259
罗素·克洛,4927,旧爱,梅格·瑞恩,4493
汤姆·克鲁斯,4304,前任夫妻,妮可·基德曼,4596
汤姆·克鲁斯,4304,旧爱,佩内洛普·克鲁兹,4850
黄鸿升,8742,旧爱,杨丞琳,8270
林鹏,2626,好友,成龙,6091
黄家强,8637,兄弟,黄家驹,7477
黄家强,8637,拍档,叶世荣,8659
黄家强,8637,拍档,黄贯中,8334
杨淇,5382,绯闻,尹子维,8838
黎姿,8286,绯闻,张卫健,8421
黎姿,8286,好友,蔡少芬,8246
黎姿,8286,绯闻,郑嘉颖,8288
黎姿,8286,绯闻,林文龙,8767
黎姿,8286,师徒,罗文,1478
金·卡戴珊,3630,姐妹,科勒·卡戴珊,3369
周杰伦,7157,绯闻,李玟,7290
周杰伦,7157,干父子,黄秋生,8290
周杰伦,7157,绯闻,曾恺玹,7677
周杰伦,7157,绯闻,江语晨,500
周杰伦,7157,绯闻,罗康妮,5754
周杰伦,7157,好友,陈冠希,6090
周杰伦,7157,旧爱,蔡依林,8243
周杰伦,7157,绯闻,徐若瑄,7769
周杰伦,7157,旧爱,侯佩岑,8277
周杰伦,7157,绯闻,昆凌,3175
周杰伦,7157,绯闻,田馥甄,6065
周杰伦,7157,绯闻,温岚,8400
周杰伦,7157,好友,刘畊宏,7774
周杰伦,7157,绯闻,吴佩珊,5640
周杰伦,7157,好友,陈建州,6101
周杰伦,7157,好友,宋祖英,582
孙红雷,6119,绯闻,左小青,3173
孙红雷,6119,绯闻,巩俐,8244
孙红雷,6119,好友,海清,2338
林子聪,8680,搭档,徐娇,2954
苗圃,2465,绯闻,李亚鹏,2267
水均益,2725,夫妻,杨迪,5036
葛荟婕,6188,旧爱,汪峰,2310
黄玉荣,8951,拍档,祝钒刚,8648
黄玉荣,8951,拍档,颜行书,8956
张馨予,915,旧爱,吴卓羲,8310
张馨予,915,情侣,李晨,7152
胡亚捷,3552,同学,陆剑民,4943
胡亚捷,3552,同学,王志文,2450
唐禹哲,8618,好友,付辛博,2755
李小龙,2520,好友,邓光荣,8911
关之琳,3156,绯闻,成龙,6091
关之琳,3156,绯闻,苏见信,8868
关之琳,3156,绯闻,刘德华,6104
关之琳,3156,绯闻,霍建华,6267
梅格·瑞恩,4493,旧爱,罗素·克洛,4927
胡兵,2176,绯闻,瞿颖,2169
胡兵,2176,兄弟,胡东,5423
伍咏薇,8758,好友,郭可盈,8490
伍咏薇,8758,好友,苑琼丹,8613
真木阳子,8035,好友,上野树里,8232
真木阳子,8035,好友,瑛太,954
徐帆,2190,旧爱,王志文,2450
徐帆,2190,同学,胡军,2174
徐帆,2190,同学,王斑,2683
徐帆,2190,同学,陈小艺,3519
徐帆,2190,同学,江珊,3788
徐帆,2190,同学,何冰,5136
张子健,3432,同学,王全安,2422
张子健,3432,同学,孔琳,4386
张子健,3432,同学,张嘉译,2452
张子健,3432,好友,苑冉,5109
张子健,3432,好友,曲栅栅,5207
史兰芽,3574,夫妻,李幼斌,2728
史兰芽,3574,同学,辛柏青,3404
史兰芽,3574,同学,朱媛媛,4184
陈孝萱,5703,旧爱,吴宗宪,8296
李亚鹏,2267,好友,那英,2275
李亚鹏,2267,同学,王学兵,2354
李亚鹏,2267,绯闻,苗圃,2465
李亚鹏,2267,夫妻,王菲,93
李亚鹏,2267,干父子,张纪中,5092
李亚鹏,2267,同学,陈建斌,2490
李亚鹏,2267,旧爱,瞿颖,2169
李亚鹏,2267,同学,曹卫宇,4395
李亚鹏,2267,旧爱,周迅,2142
夏力薪,5157,同学,郭涛,2327
蒙嘉慧,8332,好友,林保怡,8682
蒙嘉慧,8332,情侣,郑伊健,8284
蒙嘉慧,8332,密友,洪欣,8528
李玟,7290,绯闻,周杰伦,7157
李玟,7290,好友,王力宏,8245
刘悦,3782,师徒,刘欢,2411
徐百卉,5796,同学,白百何,772
伊能静,8250,绯闻,黄维德,8574
伊能静,8250,拍档,高晓松,2372
伊能静,8250,拍档,韩雯雯,3619
伊能静,8250,夫妻,秦昊,2566
刘冬,1636,搭档,黄明,6099
黄日华,8521,好友,刘德华,6104
黄日华,8521,好友,翁美玲,8470
姚笛,2145,同学,马苏,6978
姚笛,2145,绯闻,迟帅,2629
姚笛,2145,同学,练束梅,3002
姚笛,2145,绯闻,王龙华,5137
杨乐乐,2580,夫妻,汪涵,2363
侯祖辛,3377,师徒,那英,2275
山口百惠,1352,夫妻,三浦友和,1351
反町隆史,4267,夫妻,松岛菜菜子,7971
反町隆史,4267,绯闻,加藤爱,382
苏岩,2523,夫妻,罗嘉良,8370
章子怡,2259,绯闻,成龙,6091
章子怡,2259,情侣,撒贝宁,2274
章子怡,2259,绯闻,汪小菲,2329
章子怡,2259,同学,刘烨,2347
章子怡,2259,同学,胡静,2379
章子怡,2259,同学,秦海璐,2390
章子怡,2259,同学,袁泉,2519
章子怡,2259,同学,梅婷,2178
章子怡,2259,密友,邓文迪,2586
章子怡,2259,同学,曾黎,5305
章子怡,2259,好友,郭富城,1733
章子怡,2259,同学,秦昊,2566
章子怡,2259,同学,牛青峰,5236
陈法蓉,8886,好友,罗慧娟,8604
陈法蓉,8886,绯闻,钱小豪,5830
陈法蓉,8886,密友,蔡少芬,8246
陈法蓉,8886,密友,洪欣,8528
陈法蓉,8886,绯闻,陈锦鸿,1590
王丽云,2922,母女,车晓,6127
许冠杰,3838,兄弟,许冠英,5760
牟凤彬,4128,好友,陈司翰,8612
牟凤彬,4128,好友,谢宁（女演员）,5860
梁丹妮,5077,夫妻,冯远征,2200
崔始源,7804,拍档,韩庚,2331
崔始源,7804,拍档,周觅,2533
崔始源,7804,拍档,金希澈,7837
崔始源,7804,拍档,曺圭贤,7747
崔始源,7804,拍档,李东海,8049
崔始源,7804,拍档,刘宪华,5919
崔始源,7804,情侣,刘雯,2699
崔始源,7804,组员,super junior,3629
郑希怡,8523,绯闻,成龙,6091
郑希怡,8523,好友,容祖儿,8251
郑希怡,8523,好友,钟欣潼,6185
郑希怡,8523,绯闻,吴浩康,9050
郑希怡,8523,绯闻,叶项明,2575
戚薇,6064,绯闻,黄宗泽,7334
戚薇,6064,拍档,袁成杰,8473
唐文龙,8859,好友,曹永廉,6067
赵普,2555,绯闻,李蜜,2998
吴卓羲,8310,绯闻,徐子珊,8374
吴卓羲,8310,绯闻,官恩娜,8676
吴卓羲,8310,旧爱,张馨予,915
吴卓羲,8310,好友,胡杏儿,8249
吴卓羲,8310,密友,林峰,8256
吴卓羲,8310,绯闻,佘诗曼,8291
吴卓羲,8310,好友,汤盈盈,8388
吴卓羲,8310,绯闻,胡定欣,8481
吴卓羲,8310,好友,陈键锋,8577
邓九云,8797,同学,林依晨,8327
邓九云,8797,绯闻,何韵诗,8309
黄贯中,8334,拍档,黄家强,8637
黄贯中,8334,拍档,黄家驹,7477
黄贯中,8334,拍档,叶世荣,8659
黄贯中,8334,夫妻,朱茵(上海),984
李念,2361,同学,杜若溪,2429
吴昕,2409,好友,杜海涛,604
吴昕,2409,好友,谢娜,2266
吴昕,2409,绯闻,李子峰,6893
吴昕,2409,好友,张翰,166
吴昕,2409,好友,李维嘉,2564
吴昕,2409,好友,何炅,2260
关咏荷,8494,夫妻,张家辉,8409
安钧璨,8671,绯闻,徐熙媛,8750
周星驰,7343,绯闻,舒淇,7183
周星驰,7343,绯闻,吴君如,8305
周星驰,7343,旧爱,于文凤,8635
周星驰,7343,师徒,张雨绮,6126
周星驰,7343,干父女,徐娇,2954
周星驰,7343,绯闻,张敏,3101
周星驰,7343,绯闻,赵薇,6184
周星驰,7343,好友,梁朝伟,8247
周星驰,7343,旧爱,莫文蔚,7293
周星驰,7343,好友,张学友,8273
周星驰,7343,绯闻,蓝洁瑛,3424
周星驰,7343,旧爱,罗慧娟,8604
周星驰,7343,旧爱,朱茵(上海),984
杨钰莹,421,好友,毛宁,2498
刘德凯,2777,旧爱,刘雪华,8677
艾希莉·辛普森,4866,密友,林赛·罗韩,3611
艾希莉·辛普森,4866,姐妹,杰西卡·辛普森,4400
谢宁（女演员）,5860,好友,牟凤彬,4128
成龙,6091,绯闻,林青霞,8253
成龙,6091,绯闻,张曼玉,8252
成龙,6091,父子,房祖名,8255
成龙,6091,旧爱,邓丽君,8337
成龙,6091,夫妻,林凤娇,8411
成龙,6091,绯闻,米雪,8590
成龙,6091,绯闻,郑裕玲,8690
成龙,6091,好友,林鹏,2626
成龙,6091,绯闻,关之琳,3156
成龙,6091,好友,曾志伟,8259
成龙,6091,绯闻,钟楚红,8303
成龙,6091,旧爱,吴绮莉,7344
成龙,6091,好友,谭咏麟,8393
成龙,6091,绯闻,郑希怡,8523
成龙,6091,好友,翁倩玉,8960
成龙,6091,绯闻,章子怡,2259
余文乐,8278,绯闻,杨丞琳,8270
余文乐,8278,旧爱,黄伊汶,8832
余文乐,8278,绯闻,舒淇,7183
余文乐,8278,好友,郭富城,1733
余文乐,8278,绯闻,钟欣潼,6185
余文乐,8278,绯闻,黄圣依,2326
窦唯,2703,前任夫妻,王菲,93
陈德容,8581,绯闻,吴建豪,8324
陈德容,8581,绯闻,马景涛,1979
柳时元,7961,好友,李东健,7902
柳时元,7961,好友,朴容夏,197
刘威葳,2692,同学,王新军,2524
刘碧丽,4398,情人,周焯华,9142
刘欢,2411,师徒,刘悦,3782
刘欢,2411,师徒,吉克隽逸,476
刘欢,2411,师徒,李代沫,2442
刘欢,2411,师徒,李行亮,2468
刘欢,2411,师徒,徐海星,605
刘欢,2411,师徒,权振东,2670
刘欢,2411,师徒,袁娅维,2811
刘欢,2411,师徒,王乃恩,3148
刘欢,2411,师徒,刘昊霖,5459
刘欢,2411,师徒,郑虹,5899
金厉旭,889,组员,super junior,3629
俞飞鸿,3154,同学,柳云龙,2513
俞飞鸿,3154,同学,邵兵,2249
萧亚轩,8248,情侣,柯震东,7337
萧亚轩,8248,好友,熊黛林,6105
林青霞,8253,好友,刘嘉玲,8242
林青霞,8253,好友,张国荣,8265
林青霞,8253,密友,钟楚红,8303
林青霞,8253,绯闻,成龙,6091
李婉华,8728,旧爱,吴镇宇,8364
李婉华,8728,密友,黎瑞恩,8563
田丽,8582,旧爱,马景涛,1979
宋林静,7119,夫妻,于和伟,2673
蔡淇俊,5777,绯闻,陈自瑶,8771
芭儿·拉法莉,4590,情侣,莱昂纳多·迪卡普里奥,4795
张予曦,7112,旧爱,王思聪,6167
杜汶泽,8308,好友,刘德华,6104
杜汶泽,8308,好友,黎明,8258
杜汶泽,8308,好友,梁洛施,8264
杜汶泽,8308,好友,吴君如,8305
杜汶泽,8308,夫妻,田蕊妮,8462
曹敏莉,8775,绯闻,黄长兴,8893
韩雯雯,3619,拍档,伊能静,8250
韩雯雯,3619,拍档,应采儿,8275
韩雯雯,3619,拍档,古天乐,8289
韩雯雯,3619,拍档,赵文瑄,7773
韩雯雯,3619,拍档,黄圣依,2326
韩雯雯,3619,拍档,潘粤明,6118
韩雯雯,3619,拍档,舒畅,7181
韩雯雯,3619,拍档,夏雨,2126
韩雯雯,3619,拍档,赵毅,2246
韩雯雯,3619,拍档,宋祖德,3548
邓光荣,8911,干父女,郑欣宜,8430
邓光荣,8911,好友,罗文,1478
邓光荣,8911,好友,李小龙,2520
陶喆,7473,绯闻,梅艳芳,8314
陶喆,7473,旧爱,岑洁仪,6037
陶喆,7473,绯闻,朱丹,2319
邓婕,2203,母子,张默,2171
邓婕,2203,夫妻,张国立,2373
邓婕,2203,拍档,翟天临,1008
王小利,3125,同门,小沈阳,2325
王小利,3125,师徒,赵本山,583
阿朵,2415,旧爱,高晓松,2372
谢芷蕙,8360,旧爱,陈冠希,6090
张惠春,7333,姐妹,张惠妹,3436
张若昀,804,情侣,唐艺昕,3716
姜潮,2845,好友,武艺,8365
姜潮,2845,好友,曾轶可,2576
罗伯特·帕丁森,4324,情侣,克里斯汀·斯图尔特,4519
吴奇隆,7313,旧爱,蔡少芬,8246
吴奇隆,7313,拍档,苏有朋,8283
吴奇隆,7313,旧爱,杨采妮,8479
吴奇隆,7313,拍档,陈志朋,8524
吴奇隆,7313,好友,韩栋,2221
吴奇隆,7313,夫妻,刘诗诗,6254
吴奇隆,7313,好友,林更新,2153
吴奇隆,7313,绯闻,戴娇倩,2585
吴奇隆,7313,好友,刘思彤,6083
乔任梁,4612,好友,李易峰,6107
乔任梁,4612,好友,付辛博,2755
李珊珊,5615,旧爱,钱嘉乐,8402
徐熙媛,8750,旧爱,具俊晔,8196
徐熙媛,8750,绯闻,何润东,5076
徐熙媛,8750,旧爱,周渝民,8281
徐熙媛,8750,绯闻,古天乐,8289
徐熙媛,8750,旧爱,蓝正龙,8441
徐熙媛,8750,绯闻,安钧璨,8671
徐熙媛,8750,夫妻,汪小菲,2329
徐熙媛,8750,绯闻,罗志祥,6157
徐熙媛,8750,密友,范玮琪,8263
徐熙媛,8750,密友,侯佩岑,8277
徐熙媛,8750,好友,吴佩慈,8285
徐熙媛,8750,密友,范晓萱,8427
徐熙媛,8750,好友,陈建州,6101
林正英,7341,旧爱,苑琼丹,8613
马蓉,5378,前任,王宝强,5371
郑俊浩,7736,好友,张东健,7799
郑俊浩,7736,好友,申贤俊,906
郑俊浩,7736,好友,李钟原,4356
谢娜,2266,好友,胡歌,6172
谢娜,2266,好友,文章,7090
谢娜,2266,旧爱,刘烨,2347
谢娜,2266,绯闻,聂远,162
谢娜,2266,好友,何炅,2260
谢娜,2266,好友,杜海涛,604
谢娜,2266,好友,吴昕,2409
谢娜,2266,好友,李维嘉,2564
谢娜,2266,拍档,蒲冰墨,3344
谢娜,2266,夫妻,张杰,6110
蔡卓妍,8306,绯闻,林峰,8256
蔡卓妍,8306,旧爱,陈伟霆,6146
蔡卓妍,8306,好友,林俊杰,6109
蔡卓妍,8306,拍档,钟欣潼,6185
蔡卓妍,8306,拍档,李勤勤,5164
岳云鹏,5175,师徒,郭德纲,5016
岳云鹏,5175,同门,曹云金,2949
金海心,8774,绯闻,黄征,2186
满文军,3105,好友,那英,2275
满文军,3105,好友,韩红,409
满文军,3105,好友,孙楠,2374
满文军,3105,好友,买红妹,2604
满文军,3105,好友,陈琳,284
姚元浩,8369,好友,林心如,5942
姚元浩,8369,情侣,隋棠,8338
姚元浩,8369,好友,张天霖,8495
陶晶莹,8323,夫妻,李李仁,5947
沈丹萍,2729,同学,张丰毅,3015
王祖蓝,8346,好友,关心妍,8736
孙海英,3000,夫妻,吕丽萍,2997
韩鹤晓,4982,师徒,郭德纲,5016
车胜元,7984,旧爱,李英爱,6187
王新军,2524,情侣,秦海璐,2390
王新军,2524,同学,刘威葳,2692
胡彦斌,2177,同门,周笔畅,2383
胡彦斌,2177,情侣,郑爽,6160
罗晋,3174,恋人,唐嫣,3060
小山庆一郎,320,拍档,山下智久,7868
小山庆一郎,320,拍档,锦户亮,528
江映蓉,2553,旧爱,褚乔,3559
江映蓉,2553,好友,谈莉娜,4505
江映蓉,2553,搭档,王岳伦,6108
齐秦,8302,旧爱,王祖贤,8257
齐秦,8302,绯闻,萧蔷,8261
齐秦,8302,好友,巫启贤,8602
齐秦,8302,姐弟,齐豫,5605
张敬轩,8464,好友,关楚耀,192
蓝又时,8725,好友,丁当,4983
路嘉怡,5761,旧爱,张震岳,8674
路嘉怡,5761,姐妹,路嘉欣,9046
陈红,2371,夫妻,陈凯歌,2161
周秀娜,8271,绯闻,陈冠希,6090
周秀娜,8271,绯闻,罗志祥,6157
黄嘉乐,3310,好友,郑嘉颖,8288
黄嘉乐,3310,好友,马国明,8440
蒋梦婕,2508,好友,陈翔,2723
胡海泉,2746,好友,黄征,2186
胡海泉,2746,拍档,陈羽凡,2531
赵丽颖,7191,好友,袁姗姗,6145
赵丽颖,7191,好友,高梓淇,2667
金贤重,7809,密友,朴有天,6214
张蔷,8665,好友,陈琳,284
孟茜,2596,干父女,周润发,7335
孟茜,2596,拍档,张智霖,8292
孟茜,2596,拍档,何炅,2260
孟茜,2596,拍档,张杰,6110
林忆莲,8313,好友,张学友,8273
林忆莲,8313,情侣,恭硕良,8543
李赫宰,4924,组员,super junior,3629
沈佳妮,3595,同学,白百何,772
沈佳妮,3595,同学,曹曦文,3600
沈佳妮,3595,夫妻,朱亚文,2518
沈佳妮,3595,同学,文章,7090
沈佳妮,3595,同学,童瑶,3003
沈佳妮,3595,拍档,蒲冰墨,3344
沈佳妮,3595,同学,唐嫣,3060
宋允儿,575,好友,车太贤,7955
宋允儿,575,旧爱,安在旭,8050
宋允儿,575,好友,朴容夏,197
宋允儿,575,夫妻,薛景求,830
宋允儿,575,绯闻,申贤俊,906
冯德伦,8301,绯闻,舒淇,7183
冯德伦,8301,旧爱,莫文蔚,7293
冯德伦,8301,好友,吴彦祖,8266
冯德伦,8301,绯闻,徐若瑄,7769
冯德伦,8301,绯闻,张雨绮,6126
郑元畅,8357,绯闻,林依晨,8327
郑元畅,8357,好友,阮经天,8307
郑元畅,8357,好友,陈乔恩,6136
郑元畅,8357,好友,贺军翔,8501
郑佩佩,2238,绯闻,岳华,5756
黄磊,6152,绯闻,贾静雯,3416
黄磊,6152,好友,刘若英,8326
黄磊,6152,同学,姜武,7180
黄磊,6152,好友,海清,2338
于波,5938,同学,凌潇肃,2336
于波,5938,同学,叶静,2684
于波,5938,同学,姚晨,2141
于波,5938,同学,杜淳,2265
于波,5938,同学,杨志刚,2641
于波,5938,好友,杨俊毅,5220
韩栋,2221,好友,郑嘉颖,8288
韩栋,2221,好友,袁弘,5941
韩栋,2221,好友,叶祖新,2207
韩栋,2221,好友,刘恺威,6089
韩栋,2221,好友,吴奇隆,7313
韩栋,2221,好友,蔡少芬,8246
韩栋,2221,好友,胡歌,6172
韩栋,2221,好友,林更新,2153
韩栋,2221,好友,马天宇,3258
韩栋,2221,好友,刘诗诗,6254
齐溪,2695,绯闻,刘烨,2347
齐溪,2695,夫妻,宋宁,3114
黄鹤,5256,师徒,那英,2275
李菲儿,2201,旧爱,黄晓明,7159
吴镇宇,8364,好友,刘青云,8363
吴镇宇,8364,好友,黄秋生,8290
吴镇宇,8364,旧爱,李婉华,8728
王大治,2421,绯闻,董洁,2263
熊黛林,6105,好友,刘德华,6104
熊黛林,6105,好友,萧亚轩,8248
熊黛林,6105,情侣,郭富城,1733
熊黛林,6105,好友,甄子丹,2324
熊黛林,6105,好友,谢霆锋,7342
熊黛林,6105,好友,张柏芝,7745
熊黛林,6105,情侣,郭可颂,9143
童瑶,3003,同学,白百何,772
童瑶,3003,旧爱,张默,2171
童瑶,3003,同学,沈佳妮,3595
童瑶,3003,同学,曹曦文,3600
童瑶,3003,同学,文章,7090
童瑶,3003,同学,唐嫣,3060
王中磊,3800,父子,王元也,6270
孔琳,4386,同学,王全安,2422
孔琳,4386,同学,张嘉译,2452
孔琳,4386,同学,张子健,3432
贾晓晨,2897,夫妻,樊少皇,8422
黄家驹,7477,拍档,黄贯中,8334
黄家驹,7477,好友,李丽珍,8405
黄家驹,7477,兄弟,黄家强,8637
黄家驹,7477,拍档,叶世荣,8659
刘烨,2347,同学,胡静,2379
刘烨,2347,同学,秦海璐,2390
刘烨,2347,同学,袁泉,2519
刘烨,2347,同学,梅婷,2178
刘烨,2347,同学,曾黎,5305
刘烨,2347,同学,秦昊,2566
刘烨,2347,绯闻,齐溪,2695
刘烨,2347,拍档,冯丹滢,3300
刘烨,2347,同学,牛青峰,5236
刘烨,2347,同学,章子怡,2259
刘烨,2347,旧爱,谢娜,2266
向海岚,5693,叔侄,向华强,8763
梁荣忠,6073,旧爱,钟丽淇,1405
梁荣忠,6073,好友,李克勤,8600
张炬,7059,好友,何勇,7060
张丹峰,7155,夫妻,洪欣,8528
窦骁,1576,同学,曾之乔,3028
周慧敏,8267,绯闻,刘锡明,8693
周慧敏,8267,密友,古巨基,8333
周慧敏,8267,绯闻,张卫健,8421
渡边谦,233,父女,渡边杏,1850
海陆,2570,好友,李晟,2404
海陆,2570,情侣,于小彤,2710
海陆,2570,好友,袁姗姗,6145
海陆,2570,好友,张睿,2164
海陆,2570,好友,李佳航,5940
海陆,2570,好友,高梓淇,2667
张嘉欣,7141,情侣,庾澄庆,8282
冉莹颖,679,夫妻,邹市明,6810
河智苑,7926,绯闻,高修,8081
吴莫愁,2351,师徒,庾澄庆,8282
赵薇,6184,绯闻,苏有朋,8283
赵薇,6184,好友,韩红,409
赵薇,6184,密友,王菲,93
赵薇,6184,好友,黄晓明,7159
赵薇,6184,好友,林心如,5942
赵薇,6184,绯闻,周星驰,7343
赵薇,6184,绯闻,吴大维,8738
赵薇,6184,绯闻,李泉,2560
赵薇,6184,同学,孔维,2607
赵薇,6184,同学,何琳,2718
赵薇,6184,同学,张恒,2945
赵薇,6184,好友,许还幻,3272
赵薇,6184,好友,陈坤,2143
薛佳凝,2243,绯闻,胡歌,6172
薛佳凝,2243,同学,陆毅,2144
薛佳凝,2243,同学,鲍蕾,2611
薛佳凝,2243,同学,田海蓉,3161
薛佳凝,2243,同学,罗海琼,3563
薛佳凝,2243,同学,赵阳,3058
张震,8383,绯闻,舒淇,7183
张震,8383,旧爱,路嘉欣,9046
聂鑫,2540,好友,舒淇,7183
聂鑫,2540,好友,姚晨,2141
聂鑫,2540,好友,杜淳,2265
汪洋,2511,师徒,杨坤,2403
杨坤,2403,师徒,平安,2358
杨坤,2403,师徒,金志文,2487
杨坤,2403,师徒,丁丁,2504
杨坤,2403,师徒,汪洋,2511
杨坤,2403,师徒,关喆,2287
杨坤,2403,好友,陈琳,284
杨坤,2403,师徒,倪雅丰,4464
杨坤,2403,师徒,邹宏宇,5244
杨坤,2403,师徒,张玮琪,5258
杨坤,2403,师徒,丁少华,5562
杨坤,2403,师徒,伍佳丽,5897
李佳航,5940,好友,海陆,2570
李佳航,5940,夫妻,李晟,2404
李佳航,5940,好友,张睿,2164
李佳航,5940,好友,高梓淇,2667
倪诗蓓,8444,旧爱,张国荣,8265
倪诗蓓,8444,绯闻,汤镇业,8564
陈志朋,8524,拍档,吴奇隆,7313
陈志朋,8524,拍档,苏有朋,8283
吴佩珊,5640,绯闻,周杰伦,7157
卢洁云,4784,好友,王心凌,8298
卢洁云,4784,好友,潘玮柏,8312
卢洁云,4784,好友,曾一鸣,3266
陈小春,8279,夫妻,应采儿,8275
陈小春,8279,好友,郑伊健,8284
陈小春,8279,拍档,谢天华,8434
陈小春,8279,旧爱,车婉婉,5679
陈小春,8279,旧爱,张柏芝,7745
关智斌,5939,拍档,张致恒,8980
黎芷珊,8710,旧爱,郑伊健,8284
黄渤,6120,拍档,曾宝仪,8372
周润发,7335,好友,张国荣,8265
周润发,7335,旧爱,陈玉莲,8559
周润发,7335,绯闻,郑裕玲,8690
周润发,7335,前任夫妻,余安安,5863
周润发,7335,干父女,孟茜,2596
胡歌,6172,好友,韩栋,2221
胡歌,6172,旧爱,江疏影,6166
胡歌,6172,好友,霍建华,6267
胡歌,6172,绯闻,林依晨,8327
胡歌,6172,同学,韩雪,7136
胡歌,6172,好友,林更新,2153
胡歌,6172,同学,袁弘,5941
胡歌,6172,好友,蒋劲夫,6123
胡歌,6172,绯闻,薛佳凝,2243
胡歌,6172,拍档,李勤勤,5164
胡歌,6172,好友,杨幂,6164
胡歌,6172,好友,何炅,2260
胡歌,6172,好友,谢娜,2266
何韵诗,8309,师徒,梅艳芳,8314
何韵诗,8309,绯闻,邓九云,8797
何韵诗,8309,绯闻,陈文媛,8889
何韵诗,8309,绯闻,傅颖,8923
何韵诗,8309,绯闻,刘浩龙,8415
林志颖,8241,绯闻,刘荷娜,849
林志颖,8241,夫妻,陈若仪,8344
林志颖,8241,绯闻,徐怀钰,8520
佟大为,2334,好友,朱雨辰,2157
佟大为,2334,好友,文章,7090
佟大为,2334,同学,冯绍峰,1964
佟大为,2334,好友,马伊琍,6141
郑中基,8320,旧爱,杨千嬅,7770
琼瑶,8347,密友,刘雪华,8677
林瑞阳,8587,绯闻,萧蔷,8261
林瑞阳,8587,夫妻,张庭,8376
张嘉译,2452,同学,王全安,2422
张嘉译,2452,同学,张子健,3432
张嘉译,2452,同学,孔琳,4386
张嘉译,2452,拍档,邓超,6170
张嘉译,2452,拍档,王劲松,5904
林依晨,8327,绯闻,胡歌,6172
林依晨,8327,绯闻,吴尊,2418
林依晨,8327,绯闻,郑元畅,8357
林依晨,8327,绯闻,贺军翔,8501
林依晨,8327,同学,邓九云,8797
冯绍峰,1964,绯闻,胡杏儿,8249
冯绍峰,1964,同学,佟大为,2334
冯绍峰,1964,绯闻,杨幂,6164
冯绍峰,1964,情侣,倪妮,2316
冯绍峰,1964,好友,袁姗姗,6145
冯绍峰,1964,绯闻,周迅,2142
桂纶镁,8335,绯闻,陈柏霖,8350
桂纶镁,8335,好友,陈坤,2143
尹子维,8838,好友,吴彦祖,8266
尹子维,8838,好友,连凯,8920
尹子维,8838,绯闻,杨淇,5382
佩恩·贝格利,4888,旧爱,布莱克·莱弗利,4610
徐若瑄,7769,绯闻,周杰伦,7157
徐若瑄,7769,绯闻,冯德伦,8301
徐若瑄,7769,旧爱,吴建豪,8324
徐若瑄,7769,绯闻,曹格,8437
田海蓉,3161,同学,罗海琼,3563
田海蓉,3161,同学,鲍蕾,2611
田海蓉,3161,同学,薛佳凝,2243
田海蓉,3161,同学,赵阳,3058
徐智锡,4725,绯闻,具惠善,7963
于小彤,2710,情侣,海陆,2570
史可,2895,同学,巩俐,8244
史可,2895,同学,陈炜,8597
龟梨和也,8136,情侣,大政绚,8137
范玮琪,8263,密友,徐熙媛,8750
范玮琪,8263,密友,侯佩岑,8277
范玮琪,8263,密友,吴佩慈,8285
范玮琪,8263,密友,范晓萱,8427
范玮琪,8263,夫妻,陈建州,6101
范玮琪,8263,好友,张柏芝,7745
叶世荣,8659,拍档,黄贯中,8334
叶世荣,8659,拍档,黄家驹,7477
叶世荣,8659,拍档,黄家强,8637
杨明娜,5420,同学,保剑锋,2974
杨明娜,5420,同学,马伊琍,6141
梁咏琪,8262,旧爱,郑伊健,8284
梁咏琪,8262,密友,许茹芸,8377
金池,2578,师徒,庾澄庆,8282
黄宗泽,7334,绯闻,陈法拉,8362
黄宗泽,7334,绯闻,周丽淇,8513
黄宗泽,7334,绯闻,廖碧儿,8533
黄宗泽,7334,绯闻,唐诗咏,5857
黄宗泽,7334,绯闻,戚薇,6064
黄宗泽,7334,旧爱,胡杏儿,8249
李准基,7821,好友,李多海,7812
李准基,7821,绯闻,李孝利,7179
余安安,5863,旧爱,尔冬升,8630
余安安,5863,前任夫妻,周润发,7335
宋祖德,3548,拍档,韩雯雯,3619
林更新,2153,好友,吴奇隆,7313
林更新,2153,好友,胡歌,6172
林更新,2153,好友,袁弘,5941
林更新,2153,好友,马天宇,3258
林更新,2153,同学,蒲巴甲,2182
林更新,2153,好友,韩栋,2221
林更新,2153,同学,王若心,4182
林更新,2153,好友,刘诗诗,6254
林更新,2153,情侣,王柳雯,9144
林更新,2153,好友,蒋劲夫,6123
胡可,2223,绯闻,聂远,162
胡可,2223,夫妻,沙溢,2175
胡可,2223,绯闻,黄晓明,7159
侯佩岑,8277,旧爱,周杰伦,7157
侯佩岑,8277,密友,范玮琪,8263
侯佩岑,8277,密友,徐熙媛,8750
侯佩岑,8277,拍档,吴宗宪,8296
侯佩岑,8277,密友,范晓萱,8427
傅颖,8923,绯闻,何韵诗,8309
徐娇,2954,干父女,周星驰,7343
徐娇,2954,搭档,张雨绮,6126
徐娇,2954,搭档,林子聪,8680
华少,2749,好友,朱丹,2319
张恒,2945,同学,许还幻,3272
张恒,2945,同学,赵薇,6184
张恒,2945,同学,陈坤,2143
张恒,2945,同学,孔维,2607
张恒,2945,同学,何琳,2718
张恒,2945,同学,颜丹晨,2244
张恒,2945,同学,祖峰,5168
杰西卡·辛普森,4400,姐妹,艾希莉·辛普森,4866
蔡少芬,8246,好友,黎姿,8286
蔡少芬,8246,好友,宣萱,8375
蔡少芬,8246,好友,郭可盈,8490
蔡少芬,8246,密友,洪欣,8528
蔡少芬,8246,好友,陈慧珊,8766
蔡少芬,8246,密友,陈法蓉,8886
蔡少芬,8246,密友,朱茵(上海),984
蔡少芬,8246,好友,韩栋,2221
蔡少芬,8246,旧爱,吴奇隆,7313
蔡少芬,8246,绯闻,吴启华,8622
蔡少芬,8246,夫妻,张晋,2402
左小青,3173,绯闻,段奕宏,2438
左小青,3173,绯闻,夏雨,2126
左小青,3173,绯闻,陈道明,2205
左小青,3173,绯闻,孙红雷,6119
左小青,3173,好友,江铠同,2507
左小青,3173,同学,余男,581
左小青,3173,拍档,张洪杰,3391
左小青,3173,同学,邢佳栋,3572
李孝利,7179,绯闻,李瑞镇,7952
李孝利,7179,绯闻,李准基,7821
李孝利,7179,绯闻,rain,8233
李孝利,7179,绯闻,申彗星,232
具惠善,7963,绯闻,徐智锡,4725
沙宝亮,2224,好友,宋祖英,582
萧蔷,8261,绯闻,齐秦,8302
萧蔷,8261,绯闻,林瑞阳,8587
萧蔷,8261,拍档,王笛,2666
潘玮柏,8312,好友,杨丞琳,8270
潘玮柏,8312,好友,陈建州,6101
潘玮柏,8312,好友,卢洁云,4784
潘玮柏,8312,好友,李晨,7152
林凤娇,8411,夫妻,成龙,6091
朱丹,2319,绯闻,陶喆,7473
朱丹,2319,好友,华少,2749
朱丹,2319,好友,付辛博,2755
张真英,4333,好友,安在旭,8050
张真英,4333,好友,金廷恩,543
张真英,4333,好友,全度妍,571
张真英,4333,好友,严正花,642
张真英,4333,好友,宋慧乔,6137
张真英,4333,好友,李秉宪,7832
丹尼斯·吴,4451,拍档,江铠同,2507
彭于晏,8331,搭档,刘品言,8888
彭于晏,8331,绯闻,舒淇,7183
彭于晏,8331,绯闻,蔡依林,8243
彭于晏,8331,好友,何润东,5076
彭于晏,8331,好友,阮经天,8307
马苏,6978,同学,姚笛,2145
戚迹,2886,同学,黄圣依,2326
戚迹,2886,同学,王珞丹,2273
戚迹,2886,同学,周一围,2671
戚迹,2886,同学,贾乃亮,586
宣萱,8375,密友,古天乐,8289
宣萱,8375,密友,罗嘉良,8370
宣萱,8375,旧爱,张卫健,8421
宣萱,8375,好友,蔡少芬,8246
张栋梁,1626,绯闻,王心凌,8298
super junior,3629,组员,利特,169
super junior,3629,组员,金希澈,7837
super junior,3629,组员,韩庚,2331
super junior,3629,组员,金钟云,3634
super junior,3629,组员,申东熙,656
super junior,3629,组员,李晟敏,7224
super junior,3629,组员,李赫宰,4924
super junior,3629,组员,崔始源,7804
super junior,3629,组员,李东海,8049
super junior,3629,组员,金厉旭,889
super junior,3629,组员,金起范,7894
super junior,3629,组员,曺圭贤,7747
super junior,3629,组员,金永云,4751
刘恺威,6089,绯闻,廖碧儿,8533
刘恺威,6089,好友,韩栋,2221
刘恺威,6089,情侣,杨幂,6164
森田刚,7686,拍档,井之原快彦,1761
黄长发,6096,兄弟,黄长兴,8893
陈凯歌,2161,旧爱,倪萍,2406
陈凯歌,2161,绯闻,许晴,2163
陈凯歌,2161,同学,田壮壮,3695
陈凯歌,2161,夫妻,陈红,2371
李秉宪,7832,绯闻,崔智友,8005
李秉宪,7832,好友,张真英,4333
李秉宪,7832,旧爱,宋慧乔,6137
李瑞镇,7952,好友,车仁表,8054
李瑞镇,7952,旧爱,金廷恩,543
李瑞镇,7952,绯闻,李孝利,7179
汪东城,8280,拍档,炎亚纶,8463
汪东城,8280,拍档,辰亦儒,8634
汪东城,8280,好友,吴尊,2418
吴浩康,9050,旧爱,胡定欣,8481
吴浩康,9050,绯闻,郑希怡,8523
喻虹渊,8439,夫妻,周渝民,8281
喻虹渊,8439,好友,赵又廷,8254
喻虹渊,8439,好友,陈意涵,7340
喻虹渊,8439,好友,陈司翰,8612
山下智久,7868,绯闻,北川景子,6370
山下智久,7868,拍档,小山庆一郎,320
山下智久,7868,拍档,锦户亮,528
贾樟柯,3701,夫妻,赵涛,3462
高曙光,3080,前任夫妻,江珊,3788
陈慧琳,8260,姐弟,陈司翰,8612
岑洁仪,6037,旧爱,陶喆,7473
江蕙,8663,姐妹,江淑娜,1441
牛青峰,5236,同学,刘烨,2347
牛青峰,5236,同学,胡静,2379
牛青峰,5236,同学,秦海璐,2390
牛青峰,5236,同学,袁泉,2519
牛青峰,5236,同学,梅婷,2178
牛青峰,5236,同学,曾黎,5305
牛青峰,5236,同学,章子怡,2259
牛青峰,5236,同学,秦昊,2566
陈数,1010,同学,牛萌萌,6077
林美贞,8827,前任夫妻,孙兴,8518
何云伟,2944,师徒,郭德纲,5016
毛舜筠,4490,前任,张国荣,8265
毛舜筠,4490,师徒,吴千语,8311
徐峥,2150,夫妻,陶虹,2343
段林希,4972,好友,付梦妮,2636
黄小蕾,2601,同学,杨志刚,2641
黄小蕾,2601,拍档,张一鸾,3583
黄小蕾,2601,拍档,徐子瑄,2306
祖峰,5168,同学,孔维,2607
祖峰,5168,同学,何琳,2718
祖峰,5168,同学,张恒,2945
祖峰,5168,同学,颜丹晨,2244
祖峰,5168,同学,许还幻,3272
祖峰,5168,同学,黄晓明,7159
祖峰,5168,同学,陈坤,2143
蔡依林,8243,旧爱,周杰伦,7157
蔡依林,8243,绯闻,罗志祥,6157
蔡依林,8243,绯闻,彭于晏,8331
蔡依林,8243,好友,孙燕姿,8269
蔡依林,8243,好友,郭采洁,8317
赵阳,3058,同学,鲍蕾,2611
赵阳,3058,同学,薛佳凝,2243
赵阳,3058,同学,田海蓉,3161
赵阳,3058,同学,罗海琼,3563
赵阳,3058,同学,陆毅,2144
李幼斌,2728,夫妻,史兰芽,3574
杜海涛,604,好友,李维嘉,2564
杜海涛,604,好友,何炅,2260
杜海涛,604,好友,谢娜,2266
杜海涛,604,好友,吴昕,2409
杨志刚,2641,同学,黄小蕾,2601
杨志刚,2641,同学,于波,5938
杨志刚,2641,同学,姚晨,2141
杨志刚,2641,同学,杜淳,2265
宋小宝,3134,同门,小沈阳,2325
宋小宝,3134,师徒,赵本山,583
冯丹滢,3300,拍档,舒淇,7183
冯丹滢,3300,拍档,刘烨,2347
刘智泰,8098,夫妻,金孝珍,8223
栾云平,5017,师徒,郭德纲,5016
刘洲成,2890,拍档,李茂,6121
刘洲成,2890,拍档,张远,3100
刘洲成,2890,拍档,马雪阳,3586
吴启华,8622,绯闻,蔡少芬,8246
吴启华,8622,旧爱,蓝洁瑛,3424
吴启华,8622,旧爱,罗泳娴,8624
吴启华,8622,旧爱,金巧巧,2495
黄志忠,2556,绯闻,柯蓝,2928
苗侨伟,8701,绯闻,梅艳芳,8314
苗侨伟,8701,绯闻,翁美玲,8470
李媛,3750,拍档,董璇,2414
李媛,3750,拍档,李晨,7152
阚清子,2509,同学,柴碧云,4070
阚清子,2509,好友,郑爽,6160
阚清子,2509,同学,景甜,3437
谢安琪,8423,绯闻,陈奕迅,7743
谢安琪,8423,夫妻,张继聪,3622
张敏,3101,绯闻,向华强,8763
张敏,3101,绯闻,周星驰,7343
王宝强,5371,前任,马蓉,5378
平安,2358,师徒,杨坤,2403
叶倩文,8636,旧爱,费翔,8378
叶倩文,8636,绯闻,郑浩南,8712
叶倩文,8636,干母子,房祖名,8255
叶倩文,8636,密友,朱玲玲,8419
田中千绘,4343,绯闻,范逸臣,8640
陈好,2397,同学,吴健,5254
陈好,2397,拍档,张博,2878
福原爱,4417,夫妻,江宏杰,9145
曾黎,5305,同学,胡静,2379
曾黎,5305,同学,梅婷,2178
曾黎,5305,旧爱,富大龙,5990
曾黎,5305,同学,刘烨,2347
曾黎,5305,同学,秦海璐,2390
曾黎,5305,同学,袁泉,2519
曾黎,5305,同学,秦昊,2566
曾黎,5305,拍档,李勤勤,5164
曾黎,5305,同学,牛青峰,5236
曾黎,5305,同学,章子怡,2259
巍子,6894,父子,王紫逸,6826
王珂（刘涛老公）,3640,夫妻,刘涛,6165
江华,8904,旧爱,邓萃雯,8408
马景涛,1979,绯闻,陈德容,8581
马景涛,1979,旧爱,田丽,8582
马景涛,1979,旧爱,于莉,4189
周海媚,2202,绯闻,黎明,8258
周海媚,2202,前任夫妻,吕良伟,8625
恬妞,8872,旧爱,钟镇涛,8366
张惠妹,3436,绯闻,王力宏,8245
张惠妹,3436,绯闻,庾澄庆,8282
张惠妹,3436,姐妹,张惠春,7333
江欣燕,8895,旧爱,张卫健,8421
黄秋生,8290,好友,吴镇宇,8364
黄秋生,8290,干父子,周杰伦,7157
黄秋生,8290,干父子,陈冠希,6090
黄秋生,8290,干父女,梁洛施,8264
罗慧娟,8604,旧爱,周星驰,7343
罗慧娟,8604,好友,陈法蓉,8886
孔维,2607,同学,何琳,2718
孔维,2607,同学,张恒,2945
孔维,2607,同学,许还幻,3272
孔维,2607,同学,赵薇,6184
孔维,2607,同学,黄晓明,7159
孔维,2607,同学,陈坤,2143
孔维,2607,同学,颜丹晨,2244
孔维,2607,同学,祖峰,5168
聂远,162,旧爱,黄奕,2322
聂远,162,同学,郝蕾,989
聂远,162,绯闻,钟欣潼,6185
聂远,162,绯闻,胡可,2223
聂远,162,好友,王绘春,2898
聂远,162,绯闻,谢娜,2266
吴亚桥,2957,绯闻,谢霆锋,7342
钱小豪,5830,兄弟,钱嘉乐,8402
钱小豪,5830,绯闻,陈法蓉,8886
刘小慧,3362,旧爱,郭晋安,8488
唐诗咏,5857,绯闻,黄宗泽,7334
唐诗咏,5857,旧爱,崔建邦,8926
邓萃雯,8408,绯闻,林志豪,1439
邓萃雯,8408,好友,邵美琪,8412
邓萃雯,8408,旧爱,江华,8904
邓萃雯,8408,好友,刘晓庆,6102
陈道明,2205,好友,宋祖英,582
陈道明,2205,拍档,王笛,2666
陈道明,2205,拍档,夏凡,3019
陈道明,2205,绯闻,左小青,3173
琦琦,2297,夫妻,任达华,8390
邓丽欣,6076,情侣,方力申,8353
方子哥,2803,拍档,周冬齐,4170
陈秀雯,8704,绯闻,罗嘉良,8370
仲间由纪惠,8124,密友,国仲凉子,1346
仲间由纪惠,8124,密友,岛谷瞳,1681
李勤勤,5164,拍档,蔡卓妍,8306
李勤勤,5164,拍档,狄龙,1598
李勤勤,5164,拍档,胡歌,6172
李勤勤,5164,拍档,宋丹丹,2333
李勤勤,5164,拍档,吴尊,2418
李勤勤,5164,拍档,陈宝国,2226
李勤勤,5164,拍档,曾黎,5305
李勤勤,5164,拍档,孙俪,6979
歌浴森,3562,师徒,那英,2275
鲍蕾,2611,夫妻,陆毅,2144
鲍蕾,2611,同学,田海蓉,3161
鲍蕾,2611,同学,罗海琼,3563
鲍蕾,2611,同学,薛佳凝,2243
鲍蕾,2611,同学,赵阳,3058
陈意涵,7340,好友,喻虹渊,8439
陈意涵,7340,绯闻,赵又廷,8254
陈意涵,7340,好友,梁洛施,8264
具俊晔,8196,旧爱,徐熙媛,8750
宋丹丹,2333,拍档,赵本山,583
宋丹丹,2333,拍档,张洪杰,3391
宋丹丹,2333,拍档,李勤勤,5164
国仲凉子,1346,密友,仲间由纪惠,8124
陈思诚,2328,同学,孙宁,2443
陈思诚,2328,同学,李光洁,2894
陈思诚,2328,旧爱,曹曦文,3600
赵晓璐,6843,情侣,宋冬野,6842
樊少皇,8422,夫妻,贾晓晨,2897
郭蔼明,8892,夫妻,刘青云,8363
顾长卫,3146,同学,张艺谋,2317
顾长卫,3146,绯闻,张静初,2342
顾长卫,3146,夫妻,蒋雯丽,2391
洪尧,6913,情侣,李蒽熙,9146
叶项明,2575,绯闻,郑希怡,8523
郑丽媛,7940,绯闻,玄彬,7811
郑丽媛,7940,绯闻,曹承佑,8039
郑丽媛,7940,绯闻,金来沅,8236
郑丽媛,7940,旧爱,朴忠载,657
郑雨盛,4341,旧爱,李智雅,599
郑雨盛,4341,拍档,高圆圆,1000
李玖哲,7981,好友,周笔畅,2383
井之原快彦,1761,夫妻,濑户朝香,1604
井之原快彦,1761,拍档,三宅健,1764
井之原快彦,1761,拍档,冈田准一,7687
井之原快彦,1761,好友,长濑智也,7991
井之原快彦,1761,好友,堂本刚,8069
井之原快彦,1761,好友,香取慎吾,5094
井之原快彦,1761,拍档,森田刚,7686
井之原快彦,1761,拍档,坂本昌行,1754
井之原快彦,1761,拍档,长野博,1762
张曼玉,8252,好友,刘嘉玲,8242
张曼玉,8252,绯闻,黎明,8258
张曼玉,8252,好友,张国荣,8265
张曼玉,8252,好友,钟楚红,8303
张曼玉,8252,旧爱,尔冬升,8630
张曼玉,8252,绯闻,成龙,6091
张曼玉,8252,绯闻,梁朝伟,8247
张曼玉,8252,好友,梁家辉,8453
马国明,8440,绯闻,徐子珊,8374
马国明,8440,绯闻,曾华倩,8546
马国明,8440,绯闻,胡定欣,8481
马国明,8440,好友,黄嘉乐,3310
小田切让,462,拍档,张东健,7799
张佑赫,7917,拍档,李在元,218
张佑赫,7917,拍档,安七炫,7915
张佑赫,7917,拍档,安胜浩,219
张佑赫,7917,拍档,文熙俊,365
徐成峰,4003,拍档,廖凡,2184
徐成峰,4003,拍档,李晨,7152
毛俊杰,3319,同学,白百何,772
毛俊杰,3319,同学,白静,2565
毛俊杰,3319,好友,李欣汝,2227
赵露,2994,师徒,那英,2275
林志豪,1439,绯闻,万绮雯,8404
林志豪,1439,绯闻,邵美琪,8412
林志豪,1439,绯闻,邓萃雯,8408
张玮,2185,师徒,那英,2275
孟庭苇,8492,好友,韩庚,2331
大政绚,8137,情侣,龟梨和也,8136
莫少聪,8798,好友,曾志伟,8259
莫少聪,8798,旧爱,洪欣,8528
莫少聪,8798,旧爱,陈宝莲,3333
殷桃,2549,拍档,邓超,6170
殷桃,2549,拍档,张博,2878
陈升,8918,师徒,刘若英,8326
韩雨芹,2958,师徒,张国立,2373
申贤俊,906,绯闻,金喜善,7800
申贤俊,906,绯闻,崔智友,8005
申贤俊,906,绯闻,宋允儿,575
申贤俊,906,好友,郑俊浩,7736
申贤俊,906,旧爱,钟丽缇,8274
邓紫棋,7116,绯闻男友,冯允谦,7121
邓紫棋,7116,旧爱,林宥嘉,3291
谭咏麟,8393,好友,成龙,6091
谭咏麟,8393,好友,陈百祥,8579
谭咏麟,8393,好友,曾志伟,8259
谭咏麟,8393,拍档,钟镇涛,8366
谭咏麟,8393,拍档,李克勤,8600
谭咏麟,8393,干父子,关楚耀,192
尔冬升,8630,兄弟,秦沛,8917
尔冬升,8630,兄弟,姜大卫,1619
尔冬升,8630,旧爱,张曼玉,8252
尔冬升,8630,旧爱,余安安,5863
谢婷婷,8352,父女,谢贤,8384
谢婷婷,8352,情侣,安志杰,8538
谢婷婷,8352,母女,狄波拉,8554
谢婷婷,8352,兄妹,谢霆锋,7342
王学圻,2492,绯闻,范冰冰,6175
余男,581,同学,左小青,3173
余男,581,同学,邢佳栋,3572
余男,581,绯闻,王全安,2422
丁文琪,3295,恋人,林宥嘉,3291
林俊杰,6109,好友,蔡卓妍,8306
林俊杰,6109,好友,阿杜,8361
林俊杰,6109,绯闻,金莎,2188
林俊杰,6109,好友,李宇春,2264
赵欣瑜,2856,好友,王菲,93
花儿乐队,2254,拍档,徐子瑄,2306
米兰达·可儿,4603,准夫妻,奥兰多·布鲁姆,4587
邵美琪,8412,旧爱,郑伊健,8284
邵美琪,8412,好友,邓萃雯,8408
邵美琪,8412,绯闻,施祖男,8685
邵美琪,8412,绯闻,林志豪,1439
韩青,4194,同学,王斑,2683
韩青,4194,同学,胡军,2174
丁当,4983,好友,蓝又时,8725
丁当,4983,同门,严爵,8641
邓超,6170,好友,李小冉,2394
邓超,6170,拍档,张嘉译,2452
邓超,6170,同学,朱雨辰,2157
邓超,6170,拍档,殷桃,2549
邓超,6170,夫妻,孙俪,6979
邓超,6170,拍档,董洁,2263
邓超,6170,旧爱,郝蕾,989
邓超,6170,绯闻,江一燕,2436
江美琪,8670,绯闻,光良,8702
邵兵,2249,同学,柳云龙,2513
邵兵,2249,同学,俞飞鸿,3154
张嘉倪,2412,旧爱,杜淳,2265
张嘉倪,2412,好友,高梓淇,2667
杜志国,3477,拍档,彭冠英,3536
井柏然,6088,好友,付辛博,2755
沈银河,8239,绯闻,张东健,7799
金永云,4751,组员,super junior,3629
陈翔,2723,好友,胡夏,2159
陈翔,2723,好友,蒋梦婕,2508
陈翔,2723,好友,刘诗诗,6254
陈翔,2723,情侣,毛晓彤,3179
明道,8371,绯闻,王心凌,8298
明道,8371,绯闻,白歆惠,8527
明道,8371,绯闻,曾之乔,3028
明道,8371,拍档,祝钒刚,8648
明道,8371,拍档,颜行书,8956
金范,7892,好友,金素恩,8026
汪峰,2310,旧爱,葛荟婕,6188
汪峰,2310,好友,黄绮珊,2417
阎娜,3051,绯闻,周渝民,8281
曹格,8437,绯闻,徐若瑄,7769
曹格,8437,绯闻,卓文萱,7291
曹格,8437,绯闻,戴佩妮,8496
罗中旭,2795,好友,孙楠,2374
罗中旭,2795,旧爱,瞿颖,2169
罗中旭,2795,好友,景岗山,2594
孙菲菲,2378,好友,袁姗姗,6145
秦岚,2337,旧爱,保剑锋,2974
秦岚,2337,旧爱,黄晓明,7159
李代沫,2442,师徒,刘欢,2411
李代沫,2442,同门,吉克隽逸,476
欧弟,8293,好友,贾静雯,3416
欧弟,8293,同学,罗志祥,6157
欧弟,8293,情侣,香蜜拉,8746
欧弟,8293,夫妻,郑云灿,9147
欧弟,8293,师徒,郭德纲,5016
贾青,1005,拍档,王笛,2666
张杰,6110,好友,何炅,2260
张杰,6110,夫妻,谢娜,2266
张杰,6110,好友,魏晨,2542
张杰,6110,拍档,孟茜,2596
谢霆锋,7342,兄妹,谢婷婷,8352
谢霆锋,7342,父子,谢贤,8384
谢霆锋,7342,干母子,汪明荃,8537
谢霆锋,7342,母子,狄波拉,8554
谢霆锋,7342,旧爱,王菲,93
谢霆锋,7342,好友,刘嘉玲,8242
谢霆锋,7342,同学,陈冠希,6090
谢霆锋,7342,密友,陈奕迅,7743
谢霆锋,7342,绯闻,郑秀文,8276
谢霆锋,7342,干姐弟,梅艳芳,8314
谢霆锋,7342,绯闻,吴亚桥,2957
谢霆锋,7342,绯闻,杨幂,6164
谢霆锋,7342,好友,熊黛林,6105
天心,8469,同学,舒淇,7183
李诗韵,8658,好友,汤盈盈,8388
陈建斌,2490,同学,王学兵,2354
陈建斌,2490,同学,曹卫宇,4395
陈建斌,2490,同学,李亚鹏,2267
陈建斌,2490,夫妻,蒋勤勤,2380
陈建斌,2490,拍档,张博,2878
胡冰卿,80,情侣,华汉,7114
吉克隽逸,476,师徒,刘欢,2411
吉克隽逸,476,同门,李代沫,2442
吉克隽逸,476,情侣,刘石坚,9148
孙坚,2467,同学,白百何,772
黄伊汶,8832,旧爱,余文乐,8278
张赫,7947,绯闻,全智贤,7798
田蕊妮,8462,夫妻,杜汶泽,8308
周笔畅,2383,好友,李玖哲,7981
周笔畅,2383,同门,方力申,8353
周笔畅,2383,绯闻,杨宗纬,7292
周笔畅,2383,好友,汪涵,2363
周笔畅,2383,同门,胡彦斌,2177
周笔畅,2383,好友,李晨,7152
周笔畅,2383,好友,陈柏霖,8350
周笔畅,2383,好友,付辛博,2755
武艺,8365,好友,姜潮,2845
李国麟,5865,好友,苑琼丹,8613
金孝珍,8223,旧爱,金来沅,8236
金孝珍,8223,夫妻,刘智泰,8098
金孝珍,8223,旧爱,朴忠载,657
关楚耀,192,干父子,谭咏麟,8393
关楚耀,192,好友,张敬轩,8464
付梦妮,2636,好友,张智霖,8292
付梦妮,2636,好友,魏晨,2542
付梦妮,2636,好友,李斯丹妮,3160
付梦妮,2636,好友,苏妙玲,3489
付梦妮,2636,好友,段林希,4972
朴有天,6214,拍档,沈昌珉,7997
朴有天,6214,密友,金贤重,7809
朴有天,6214,拍档,金在中,7810
朴有天,6214,拍档,金俊秀,7854
朴有天,6214,拍档,郑允浩,7976
樊馨蔓,5091,夫妻,张纪中,5092
杨采妮,8479,好友,郭富城,1733
杨采妮,8479,旧爱,吴奇隆,7313
杨采妮,8479,绯闻,黎明,8258
杨采妮,8479,绯闻,金城武,8417
郑秀文,8276,绯闻,古天乐,8289
郑秀文,8276,绯闻,谢霆锋,7342
郑秀文,8276,绯闻,言承旭,7294
郑秀文,8276,夫妻,许志安,8325
吴建豪,8324,旧爱,徐若瑄,7769
吴建豪,8324,拍档,言承旭,7294
吴建豪,8324,拍档,朱孝天,8503
吴建豪,8324,绯闻,陈德容,8581
于文凤,8635,旧爱,周星驰,7343
罗文,1478,师徒,容祖儿,8251
罗文,1478,师徒,郑伊健,8284
罗文,1478,师徒,黎姿,8286
罗文,1478,拍档,甄妮,8588
罗文,1478,师徒,关淑怡,3896
罗文,1478,好友,张学友,8273
罗文,1478,好友,邓光荣,8911
王乃恩,3148,师徒,刘欢,2411
罗志祥,6157,绯闻,周秀娜,8271
罗志祥,6157,绯闻,杨丞琳,8270
罗志祥,6157,绯闻,徐熙媛,8750
罗志祥,6157,绯闻,蔡依林,8243
罗志祥,6157,同学,欧弟,8293
罗志祥,6157,好友,郭采洁,8317
罗志祥,6157,绯闻,徐怀钰,8520
罗志祥,6157,好友,陈建州,6101
罗志祥,6157,好友,付辛博,2755
柯佳嬿,7780,旧爱,王柏杰,5696
喻可欣,8865,旧爱,刘德华,6104
马雪阳,3586,拍档,刘洲成,2890
马雪阳,3586,拍档,李茂,6121
马雪阳,3586,拍档,张远,3100
克里斯汀·斯图尔特,4519,情侣,罗伯特·帕丁森,4324
梁冠华,5106,好友,曲栅栅,5207
董洁,2263,绯闻,王大治,2421
董洁,2263,拍档,邓超,6170
董洁,2263,拍档,张洪杰,3391
朱雨辰,2157,绯闻,汤唯,746
朱雨辰,2157,好友,文章,7090
朱雨辰,2157,好友,佟大为,2334
朱雨辰,2157,同学,邓超,6170
瞿颖,2169,旧爱,罗中旭,2795
瞿颖,2169,旧爱,李亚鹏,2267
瞿颖,2169,绯闻,胡兵,2176
孔侑,7903,好友,赵寅成,7830
孔侑,7903,好友,金宣儿,4309
孔侑,7903,好友,姜东元,8107
刘浩龙,8415,情侣,容祖儿,8251
刘浩龙,8415,绯闻,何韵诗,8309
钱嘉乐,8402,兄弟,钱小豪,5830
钱嘉乐,8402,夫妻,汤盈盈,8388
钱嘉乐,8402,旧爱,李珊珊,5615
吴佩慈,8285,密友,范玮琪,8263
吴佩慈,8285,好友,徐熙媛,8750
吴佩慈,8285,密友,范晓萱,8427
刘惜君,2166,好友,谈莉娜,4505
刘家辉,8643,干兄弟,刘家荣,1719
刘家辉,8643,干兄弟,刘家良,8615
毛阿敏,2189,好友,那英,2275
毛阿敏,2189,好友,王菲,93
曾一鸣,3266,好友,卢洁云,4784
香取慎吾,5094,拍档,木村拓哉,7916
香取慎吾,5094,好友,井之原快彦,1761
香取慎吾,5094,拍档,稻垣吾郎,8060
夏雨,2126,同学,吴军忱,5309
夏雨,2126,绯闻,高圆圆,1000
夏雨,2126,夫妻,袁泉,2519
夏雨,2126,绯闻,左小青,3173
夏雨,2126,拍档,韩雯雯,3619
江疏影,6166,旧爱,胡歌,6172
魏语诺,5908,师徒,庾澄庆,8282
杨迪,5036,夫妻,水均益,2725
陈乔恩,6136,旧爱,霍建华,6267
陈乔恩,6136,绯闻,古天乐,8289
陈乔恩,6136,好友,郑元畅,8357
陈乔恩,6136,好友,贺军翔,8501
陈乔恩,6136,好友,阮经天,8307
陈乔恩,6136,绯闻,邱泽,8329
袁成杰,8473,拍档,戚薇,6064
堂本光一,263,绯闻,深田恭子,7890
刘晓虎,4467,同学,廖凡,2184
刘晓虎,4467,同学,任泉,5848
刘晓虎,4467,好友,李欣汝,2227
刘晓虎,4467,同学,刘小锋,3064
刘晓虎,4467,同学,李冰冰,2128
王健林,7143,父子,王思聪,6167
韩红,409,绯闻,许志安,8325
韩红,409,好友,张卫健,8421
韩红,409,好友,郭敬明,2321
韩红,409,好友,孙楠,2374
韩红,409,好友,满文军,3105
韩红,409,好友,赵薇,6184
金莎,2188,绯闻,林俊杰,6109
黄明,6099,搭档,王丽坤,2147
黄明,6099,搭档,刘涛,6165
黄明,6099,搭档,刘冬,1636
李晟敏,7224,组员,super junior,3629
曹永廉,6067,翁婿,姜大卫,1619
曹永廉,6067,好友,唐文龙,8859
曹云金,2949,同门,岳云鹏,5175
曹云金,2949,师徒,郭德纲,5016
陈思斯,5889,同学,白百何,772
陈思斯,5889,绯闻,张晓龙,2530
吕婉柔,6051,绯闻,汪小菲,2329
陈可辛,8486,好友,文章,7090
陈可辛,8486,夫妻,吴君如,8305
潘粤明,6118,好友,刘涛,6165
潘粤明,6118,好友,黄海波,2419
潘粤明,6118,绯闻,李羲儿,2451
潘粤明,6118,拍档,韩雯雯,3619
潘粤明,6118,绯闻,范冰冰,6175
香蜜拉,8746,情侣,欧弟,8293
香蜜拉,8746,干父女,胡瓜,8465
叶静,2684,同学,凌潇肃,2336
叶静,2684,同学,于波,5938
叶静,2684,同学,姚晨,2141
叶静,2684,同学,杜淳,2265
陈西贝,5310,好友,何洁,2976
陈西贝,5310,好友,黄雅莉,3686
郭品超,8749,绯闻,许慧欣,8449
郭品超,8749,绯闻,安以轩,6130
郭品超,8749,好友,何润东,5076
郑恺,1367,情侣,程晓玥,9149
齐豫,5605,姐弟,齐秦,8302
陈月末,3135,父子,陈宝国,2226
李小璐,7135,绯闻,韩庚,2331
李小璐,7135,夫妻,贾乃亮,586
李小璐,7135,绯闻,蒲巴甲,2182
李小璐,7135,密友,杨幂,6164
李小璐,7135,绯闻,李晨,7152
刘孜,2229,同学,徐静蕾,918
上野树里,8232,好友,真木阳子,8035
买红妹,2604,好友,满文军,3105
张家辉,8409,夫妻,关咏荷,8494
陈坚红,6078,夫妻,王志文,2450
张睿,2164,绯闻,李晟,2404
张睿,2164,好友,海陆,2570
张睿,2164,好友,李佳航,5940
张睿,2164,好友,高梓淇,2667
牛萌萌,6077,拍档,王笛,2666
牛萌萌,6077,同学,陈数,1010
杨谨华,8487,旧爱,朱孝天,8503
王婉霏,3329,夫妻,刘畊宏,7774
郭彦均,5934,兄弟,郭彦甫,5869
柴碧云,4070,同学,郑爽,6160
柴碧云,4070,同学,景甜,3437
柴碧云,4070,同学,阚清子,2509
柴碧云,4070,同学,王今铎,5586
娜仁花,4157,夫妻,宁才,5453
托比·马奎尔,4822,好友,莱昂纳多·迪卡普里奥,4795
王学兵,2354,同学,陈建斌,2490
王学兵,2354,同学,曹卫宇,4395
王学兵,2354,旧爱,范冰冰,6175
王学兵,2354,同学,李亚鹏,2267
长濑智也,7991,好友,井之原快彦,1761
长濑智也,7991,旧爱,滨崎步,7816
长濑智也,7991,情侣,相武纱季,1342
胡夏,2159,好友,陈翔,2723
佘诗曼,8291,绯闻,林峰,8256
佘诗曼,8291,绯闻,吴卓羲,8310
佘诗曼,8291,绯闻,罗嘉良,8370
佘诗曼,8291,绯闻,扬明,1427
佘诗曼,8291,旧爱,陈浩民,6106
佘诗曼,8291,旧爱,郑嘉颖,8288
佘诗曼,8291,绯闻,张智霖,8292
佘诗曼,8291,绯闻,丁子高,8385
佘诗曼,8291,好友,汤盈盈,8388
佘诗曼,8291,绯闻,马德钟,8504
佘诗曼,8291,绯闻,麦子乐,8799
佘诗曼,8291,好友,周家怡,6128
杜淳,2265,同学,凌潇肃,2336
杜淳,2265,同学,叶静,2684
杜淳,2265,旧爱,张嘉倪,2412
杜淳,2265,好友,聂鑫,2540
杜淳,2265,好友,戴娇倩,2585
杜淳,2265,同学,杨志刚,2641
杜淳,2265,同学,于波,5938
杜淳,2265,同学,姚晨,2141
金廷恩,543,旧爱,李瑞镇,7952
金廷恩,543,好友,张真英,4333
金在中,7810,拍档,朴有天,6214
金在中,7810,拍档,沈昌珉,7997
金在中,7810,拍档,金俊秀,7854
金在中,7810,拍档,郑允浩,7976
张学友,8273,好友,梁朝伟,8247
张学友,8273,好友,周星驰,7343
张学友,8273,好友,曾志伟,8259
张学友,8273,好友,张国荣,8265
张学友,8273,好友,庾澄庆,8282
张学友,8273,好友,林忆莲,8313
张学友,8273,好友,陈慧娴,8667
张学友,8273,好友,罗文,1478
张学友,8273,好友,梅艳芳,8314
相武纱季,1342,情侣,长濑智也,7991
马德钟,8504,绯闻,佘诗曼,8291
马德钟,8504,绯闻,郭羡妮,8373
马德钟,8504,绯闻,胡定欣,8481
马德钟,8504,绯闻,陈慧珊,8766
钟嘉欣,8382,绯闻,林峰,8256
钟嘉欣,8382,绯闻,郑伊健,8284
唐宁,8539,好友,胡定欣,8481
苏见信,8868,绯闻,关之琳,3156
苏见信,8868,好友,李宇春,2264
何晴,3692,旧爱,刘威,2544
何晴,3692,前任夫妻,许亚军,3102
朱珠,6149,情侣,李泉,2560
赫子铭,2975,情侣,何洁,2976
加藤爱,382,绯闻,反町隆史,4267
贾乃亮,586,同学,黄圣依,2326
贾乃亮,586,同学,周一围,2671
贾乃亮,586,同学,王珞丹,2273
贾乃亮,586,同学,戚迹,2886
贾乃亮,586,夫妻,李小璐,7135
韩庚,2331,好友,孟庭苇,8492
韩庚,2331,绯闻,江铠同,2507
韩庚,2331,拍档,周觅,2533
韩庚,2331,拍档,崔始源,7804
韩庚,2331,拍档,金希澈,7837
韩庚,2331,拍档,曺圭贤,7747
韩庚,2331,拍档,李东海,8049
韩庚,2331,绯闻,黄奕,2322
韩庚,2331,拍档,刘宪华,5919
韩庚,2331,绯闻,李小璐,7135
韩庚,2331,情侣,李冰玉,9150
韩庚,2331,组员,super junior,3629
陈小艺,3519,同学,胡军,2174
陈小艺,3519,同学,王斑,2683
陈小艺,3519,同学,徐帆,2190
陈小艺,3519,拍档,焦俊艳,2808
陈小艺,3519,同学,江珊,3788
陈小艺,3519,同学,何冰,5136
王琪玮,5462,师徒,那英,2275
小沈阳,2325,夫妻,沈春阳,2528
小沈阳,2325,同门,王小利,3125
小沈阳,2325,同门,宋小宝,3134
杨恭如,8451,绯闻,郑伊健,8284
杨恭如,8451,绯闻,古天乐,8289
杨恭如,8451,绯闻,林文龙,8767
高畑裕太,4179,母子,高畑淳子,4178
长野博,1762,拍档,井之原快彦,1761
木村拓哉,7916,夫妻,工藤静香,8047
木村拓哉,7916,好友,酒井法子,7839
木村拓哉,7916,拍档,稻垣吾郎,8060
木村拓哉,7916,拍档,香取慎吾,5094
稻垣吾郎,8060,拍档,木村拓哉,7916
稻垣吾郎,8060,拍档,香取慎吾,5094
谭俊彦,1677,父子,狄龙,1598
吴岱凝,3593,夫妻,朴树,2840
章龄之,2532,夫妻,陈龙,2525
刘若英,8326,师徒,陈升,8918
刘若英,8326,好友,黄磊,6152
刘若英,8326,好友,滕华涛,3041
刘若英,8326,好友,周迅,2142
王思聪,6167,旧爱,张予曦,7112
王思聪,6167,情侣,朱宸慧,9151
王思聪,6167,绯闻,黄慧,9152
王思聪,6167,情侣,李惠玥,9153
王思聪,6167,父子,王健林,7143
邓文迪,2586,密友,章子怡,2259
金宣儿,4309,好友,赵寅成,7830
金宣儿,4309,好友,孔侑,7903
金宣儿,4309,好友,李东健,7902
刘晓庆,6102,好友,邓萃雯,8408
刘晓庆,6102,旧爱,姜文,2151
包伟铭,5762,兄弟,包小柏,8401
刘荷娜,849,绯闻,林志颖,8241
陈柏霖,8350,好友,周笔畅,2383
陈柏霖,8350,绯闻,梁洛施,8264
陈柏霖,8350,绯闻,桂纶镁,8335
田亮,2148,绯闻,叶璇,8315
田亮,2148,夫妻,叶一茜,561
田亮,2148,旧爱,郭晶晶,4559
安志杰,8538,情侣,谢婷婷,8352
刘思彤,6083,好友,吴奇隆,7313
李晨,7152,好友,潘玮柏,8312
李晨,7152,情侣,张馨予,915
李晨,7152,好友,俞思远,2640
李晨,7152,绯闻,李小璐,7135
李晨,7152,好友,周笔畅,2383
李晨,7152,拍档,李媛,3750
李晨,7152,拍档,徐成峰,4003
文章,7090,好友,佟大为,2334
文章,7090,同学,白百何,772
文章,7090,好友,朱雨辰,2157
文章,7090,同学,童瑶,3003
文章,7090,同学,沈佳妮,3595
文章,7090,同学,曹曦文,3600
文章,7090,同学,唐嫣,3060
文章,7090,夫妻,马伊琍,6141
文章,7090,好友,李连杰,8297
文章,7090,好友,陈可辛,8486
文章,7090,同学,白静,2565
文章,7090,同学,秦丽,3073
文章,7090,同学,杨烁,3243
文章,7090,好友,谢娜,2266
徐子淇,7339,旧爱,洪天明,8491
徐子淇,7339,好友,邝文珣,7779
秦沛,8917,兄弟,尔冬升,8630
秦沛,8917,旧爱,翁倩玉,8960
秦沛,8917,兄弟,姜大卫,1619
罗康妮,5754,绯闻,周杰伦,7157
刘畊宏,7774,好友,周杰伦,7157
刘畊宏,7774,夫妻,王婉霏,3329
胡杏儿,8249,好友,林峰,8256
胡杏儿,8249,旧爱,黄宗泽,7334
胡杏儿,8249,好友,吴卓羲,8310
胡杏儿,8249,绯闻,黄少祺,8562
胡杏儿,8249,好友,陈键锋,8577
胡杏儿,8249,好友,汤盈盈,8388
胡杏儿,8249,好友,胡定欣,8481
胡杏儿,8249,绯闻,冯绍峰,1964
吴军忱,5309,同学,夏雨,2126
吴婷,3306,绯闻,霍启刚,8268
田野,5150,同学,白百何,772
冯允谦,7121,绯闻男友,邓紫棋,7116
王栎鑫,2579,好友,俞灏明,2335
房祖名,8255,干母子,叶倩文,8636
房祖名,8255,父子,成龙,6091
房祖名,8255,绯闻,钟欣潼,6185
陈司翰,8612,姐弟,陈慧琳,8260
陈司翰,8612,好友,喻虹渊,8439
陈司翰,8612,好友,牟凤彬,4128
张远,3100,拍档,刘洲成,2890
张远,3100,拍档,马雪阳,3586
张远,3100,拍档,李茂,6121
邵峰,3092,同学,许晴,2163
邵峰,3092,同学,蒋雯丽,2391
山田孝之,198,绯闻,绫濑遥,7982
杨雅筑,1451,绯闻,黄子佼,8351
杨雅筑,1451,绯闻,范植伟,8711
塞巴斯蒂安·斯坦,4975,情侣,莉顿·梅斯特,4615
葛存壮,6812,父子,葛优,2196
宋冬野,6842,情侣,赵晓璐,6843
曾华倩,8546,旧爱,梁朝伟,8247
曾华倩,8546,绯闻,马国明,8440
莱昂纳多·迪卡普里奥,4795,情侣,芭儿·拉法莉,4590
莱昂纳多·迪卡普里奥,4795,好友,凯特·温斯莱特,4363
莱昂纳多·迪卡普里奥,4795,好友,托比·马奎尔,4822
朱芯仪,5749,夫妻,贾鹏礼,3417
山田优,8028,夫妻,小栗旬,7924
于莉,4189,旧爱,马景涛,1979
麦子乐,8799,绯闻,佘诗曼,8291
刘涛,6165,好友,林心如,5942
刘涛,6165,好友,李心洁,8681
刘涛,6165,好友,潘粤明,6118
刘涛,6165,好友,秦海璐,2390
刘涛,6165,夫妻,王珂（刘涛老公）,3640
刘涛,6165,搭档,黄明,6099
陈晓,157,情侣,陈妍希,6140
宋佳,2485,好友,徐静蕾,918
言承旭,7294,绯闻,林志玲,7314
言承旭,7294,绯闻,郑秀文,8276
言承旭,7294,绯闻,关颖,8359
言承旭,7294,绯闻,张熙恩,6251
言承旭,7294,拍档,周渝民,8281
言承旭,7294,拍档,吴建豪,8324
言承旭,7294,拍档,朱孝天,8503
练束梅,3002,同学,姚笛,2145
吴宗宪,8296,拍档,侯佩岑,8277
吴宗宪,8296,绯闻,宋新妮,8531
吴宗宪,8296,旧爱,陈孝萱,5703
全智贤,7798,绯闻,张赫,7947
全智贤,7798,绯闻,rain,8233
宋慧乔,6137,绯闻,宋承宪,7125
宋慧乔,6137,旧爱,李秉宪,7832
宋慧乔,6137,绯闻,金民钟,8227
宋慧乔,6137,好友,张真英,4333
宋慧乔,6137,绯闻,rain,8233
陈慧娴,8667,好友,张学友,8273
郭羡妮,8373,绯闻,古天乐,8289
郭羡妮,8373,旧爱,温兆伦,8413
郭羡妮,8373,绯闻,陶大宇,8737
郭羡妮,8373,绯闻,马德钟,8504
郭羡妮,8373,绯闻,马浚伟,8687
蒋雯丽,2391,同学,许晴,2163
蒋雯丽,2391,同学,邵峰,3092
蒋雯丽,2391,夫妻,顾长卫,3146
陈玉莲,8559,绯闻,刘德华,6104
陈玉莲,8559,旧爱,周润发,7335
戴佩妮,8496,好友,蔡健雅,8356
戴佩妮,8496,绯闻,曹格,8437
唐一菲,2359,夫妻,凌潇肃,2336
昆凌,3175,绯闻,周杰伦,7157
黄智贤,6015,旧爱,玄彬,7811
刘伟强,3398,好友,郑伊健,8284
谭维维,2615,情侣,张博,2878
布莱克·莱弗利,4610,旧爱,佩恩·贝格利,4888
郑欣宜,8430,父女,郑少秋,8322
郑欣宜,8430,干父女,邓光荣,8911
本·阿弗莱克,4480,旧爱,詹妮弗·洛佩兹,4420
吴尊,2418,好友,杨丞琳,8270
吴尊,2418,好友,汪东城,8280
吴尊,2418,绯闻,林依晨,8327
吴尊,2418,好友,炎亚纶,8463
吴尊,2418,好友,辰亦儒,8634
吴尊,2418,拍档,李勤勤,5164
曾志伟,8259,好友,成龙,6091
曾志伟,8259,好友,谭咏麟,8393
曾志伟,8259,好友,陈百祥,8579
曾志伟,8259,好友,张学友,8273
曾志伟,8259,父女,曾宝仪,8372
曾志伟,8259,好友,苑琼丹,8613
曾志伟,8259,好友,莫少聪,8798
曾志伟,8259,好友,崔建邦,8926
曾志伟,8259,父子,曾国祥,5360
林志玲,7314,绯闻,言承旭,7294
林志玲,7314,绯闻,张晓龙,2530
秦丽,3073,同学,文章,7090
秦丽,3073,同学,白百何,772
秦丽,3073,同学,唐嫣,3060
汪明荃,8537,夫妻,罗家英,8756
汪明荃,8537,干母子,谢霆锋,7342
林文龙,8767,绯闻,黎姿,8286
林文龙,8767,绯闻,杨恭如,8451
林文龙,8767,夫妻,郭可盈,8490
新垣结衣,886,绯闻,三浦春马,7930
邱泽,8329,绯闻,陈乔恩,6136
邱泽,8329,情侣,唐嫣,3060
邱泽,8329,绯闻,杨丞琳,8270
刘之冰,4483,夫妻,茹萍,5123
郭晋安,8488,旧爱,刘小慧,3362
严爵,8641,同门,丁当,4983
何赛飞,3111,拍档,尚于博,5303
凌潇肃,2336,夫妻,唐一菲,2359
凌潇肃,2336,同学,叶静,2684
凌潇肃,2336,同学,于波,5938
凌潇肃,2336,同学,杜淳,2265
金贤珠,8082,旧爱,苏志燮,7834
金贤珠,8082,好友,朴容夏,197
马剑棋,5413,姐妹,马剑琴,4472
赵寅成,7830,好友,孔侑,7903
赵寅成,7830,好友,金宣儿,4309
赵寅成,7830,好友,姜东元,8107
大仓忠义,1703,拍档,锦户亮,528
杨烁,3243,同学,文章,7090
杨烁,3243,同学,曹曦文,3600
杨烁,3243,同学,唐嫣,3060
杨烁,3243,同学,白百何,772
金素恩,8026,好友,金范,7892
李茂,6121,拍档,刘洲成,2890
李茂,6121,拍档,张远,3100
李茂,6121,拍档,马雪阳,3586
李子峰,6893,旧爱,张天爱,3251
李子峰,6893,绯闻,吴昕,2409
邱心志,8925,情侣,菅韧姿,1223
何炅,2260,好友,胡歌,6172
何炅,2260,好友,吴昕,2409
何炅,2260,好友,李维嘉,2564
何炅,2260,夫妻,王菁,2853
何炅,2260,好友,李湘,2258
何炅,2260,好友,杜海涛,604
何炅,2260,拍档,孟茜,2596
何炅,2260,绯闻,戴军,2810
何炅,2260,好友,张杰,6110
何炅,2260,好友,谢娜,2266
陈敏之,8695,绯闻,郑嘉颖,8288
陈敏之,8695,旧爱,扬明,1427
邝文珣,7779,好友,徐子淇,7339
关淑怡,3896,同门,郑伊健,8284
关淑怡,3896,师徒,罗文,1478
汤唯,746,绯闻,玄彬,7811
汤唯,746,师徒,李安（导演）,3744
汤唯,746,绯闻,吴秀波,6122
汤唯,746,绯闻,王力宏,8245
汤唯,746,绯闻,段奕宏,2438
汤唯,746,绯闻,朱雨辰,2157
娜奥米·沃茨,4315,前任,列维·施瑞博尔,4316
娜奥米·沃茨,4315,旧爱,希斯·莱杰,4314
许飞,2933,好友,厉娜,5216
车仁表,8054,好友,张东健,7799
车仁表,8054,好友,李瑞镇,7952
车仁表,8054,夫妻,申爱罗,2002
钟楚红,8303,绯闻,成龙,6091
钟楚红,8303,密友,林青霞,8253
钟楚红,8303,好友,张曼玉,8252
钟楚红,8303,好友,张国荣,8265
陆毅,2144,同学,赵阳,3058
陆毅,2144,夫妻,鲍蕾,2611
陆毅,2144,拍档,张博,2878
陆毅,2144,同学,薛佳凝,2243
陆毅,2144,同学,罗海琼,3563
张佩华,1436,旧爱,刘雪华,8677
姜文,2151,绯闻,宁静,6200
姜文,2151,兄弟,姜武,7180
姜文,2151,夫妻,周韵,2716
姜文,2151,同学,吕丽萍,2997
姜文,2151,绯闻,马晓晴,5747
姜文,2151,旧爱,刘晓庆,6102
郎朗,2439,绯闻,巩新亮,2381
郎朗,2439,绯闻,刘亦菲,6161
蓝洁瑛,3424,绯闻,周星驰,7343
蓝洁瑛,3424,绯闻,梁朝伟,8247
蓝洁瑛,3424,旧爱,吴启华,8622
柳云龙,2513,同学,俞飞鸿,3154
柳云龙,2513,同学,邵兵,2249
滕华涛,3041,好友,刘若英,8326
滕华涛,3041,父子,滕文骥,3698
滕华涛,3041,好友,马伊琍,6141
杜德伟,8394,旧爱,吴君如,8305
杜德伟,8394,旧爱,周汶锜,7776
王斑,2683,同学,徐帆,2190
王斑,2683,夫妻,曹颖,2232
王斑,2683,同学,陈小艺,3519
王斑,2683,同学,江珊,3788
王斑,2683,同学,韩青,4194
王斑,2683,同学,何冰,5136
邱淑贞,2399,好友,张智霖,8292
邱淑贞,2399,好友,郭富城,1733
何润东,5076,好友,彭于晏,8331
何润东,5076,好友,郭品超,8749
何润东,5076,好友,贾静雯,3416
何润东,5076,绯闻,徐熙媛,8750
何润东,5076,拍档,张博,2878
何润东,5076,绯闻,余声,5306
何润东,5076,夫妻,林静仪,9154
朴信惠,7127,绯闻,朴海镇,7863
邓梓峰,8805,绯闻,吴绮莉,7344
罗嘉良,8370,夫妻,苏岩,2523
罗嘉良,8370,绯闻,佘诗曼,8291
罗嘉良,8370,密友,宣萱,8375
罗嘉良,8370,绯闻,陈秀雯,8704
曹承佑,8039,绯闻,郑丽媛,7940
林峰,8256,密友,吴卓羲,8310
林峰,8256,情侣,吴千语,8311
林峰,8256,绯闻,叶璇,8315
林峰,8256,旧爱,潘霜霜,2408
林峰,8256,绯闻,唐嫣,3060
林峰,8256,好友,胡杏儿,8249
林峰,8256,绯闻,佘诗曼,8291
林峰,8256,绯闻,蔡卓妍,8306
林峰,8256,绯闻,钟嘉欣,8382
林峰,8256,好友,汤盈盈,8388
严正花,642,好友,张真英,4333
甄妮,8588,拍档,罗文,1478
刘威,2544,旧爱,杨若兮,2820
刘威,2544,好友,张丰毅,3015
刘威,2544,旧爱,何晴,3692
温兆伦,8413,旧爱,郭羡妮,8373
厉娜,5216,绯闻,黄征,2186
厉娜,5216,好友,许飞,2933
释小龙,2457,旧爱,何洁,2976
蒲巴甲,2182,绯闻,李小璐,7135
蒲巴甲,2182,同学,林更新,2153
辛柏青,3404,同学,史兰芽,3574
李钟原,4356,好友,郑俊浩,7736
陈奕迅,7743,旧爱,杨千嬅,7770
陈奕迅,7743,好友,庾澄庆,8282
陈奕迅,7743,绯闻,谢安琪,8423
陈奕迅,7743,好友,王菲,93
陈奕迅,7743,密友,谢霆锋,7342
张孝全,8497,好友,杨佑宁,8506
张孝全,8497,旧爱,徐怀钰,8520
范伟,2204,拍档,赵本山,583
郭家铭,3093,同学,白百何,772
郭家铭,3093,绯闻,郝蕾,989
杜若溪,2429,同学,李念,2361
杜若溪,2429,同学,雷佳音,2825
韩雪,7136,同学,胡歌,6172
韩雪,7136,好友,韩寒,2340
韩雪,7136,同学,袁弘,5941
苑冉,5109,好友,张子健,3432
苑冉,5109,好友,戴云霞,5515
洪金宝,8340,翁媳,周家蔚,8443
洪金宝,8340,父子,洪天明,8491
洪金宝,8340,绯闻,范冰冰,6175
金起范,7894,组员,super junior,3629
颜行书,8956,绯闻,张韶涵,8300
颜行书,8956,拍档,明道,8371
颜行书,8956,拍档,祝钒刚,8648
颜行书,8956,拍档,黄玉荣,8951
李蜜,2998,绯闻,赵普,2555
曹曦文,3600,旧爱,陈思诚,2328
曹曦文,3600,同学,白百何,772
曹曦文,3600,同学,文章,7090
曹曦文,3600,同学,童瑶,3003
曹曦文,3600,同学,杨烁,3243
曹曦文,3600,同学,沈佳妮,3595
曹曦文,3600,同学,唐嫣,3060
王雷,2461,情侣,李小萌,478
寇振海,2841,同学,郭凯敏,3749
陈建州,6101,好友,周杰伦,7157
陈建州,6101,好友,王力宏,8245
陈建州,6101,好友,罗志祥,6157
陈建州,6101,夫妻,范玮琪,8263
陈建州,6101,好友,徐熙媛,8750
陈建州,6101,好友,张柏芝,7745
陈建州,6101,好友,潘玮柏,8312
张纪中,5092,干父子,李亚鹏,2267
张纪中,5092,夫妻,樊馨蔓,5091
张纪中,5092,干父子,肖齐,5090
彭敬慈,1620,师徒,梅艳芳,8314
曲栅栅,5207,好友,张子健,3432
曲栅栅,5207,好友,梁冠华,5106
谢天华,8434,拍档,陈小春,8279
赤西仁,7943,夫妻,黑木明纱,7731
赵又廷,8254,绯闻,陈意涵,7340
赵又廷,8254,好友,喻虹渊,8439
赵又廷,8254,情侣,高圆圆,1000
许茹芸,8377,密友,梁咏琪,8262
许茹芸,8377,绯闻,范植伟,8711
许茹芸,8377,好友,陈珊妮,8839
徐子瑄,2306,拍档,黄小蕾,2601
徐子瑄,2306,拍档,花儿乐队,2254
郭彦甫,5869,兄弟,郭彦均,5934
陈羽凡,2531,好友,黄征,2186
陈羽凡,2531,拍档,胡海泉,2746
陈羽凡,2531,夫妻,白百何,772
夏克立,7134,夫妻,黄嘉千,8785
雷佳音,2825,同学,杜若溪,2429
吴健,5254,同学,陈好,2397
张彻,5374,师徒,狄龙,1598
张彻,5374,师徒,姜大卫,1619
汪涵,2363,夫妻,杨乐乐,2580
汪涵,2363,好友,周笔畅,2383
汪涵,2363,绯闻,任青,4698
朱玲玲,8419,密友,叶倩文,8636
朱玲玲,8419,母子,霍启刚,8268
申爱罗,2002,夫妻,车仁表,8054
池贤宇,7833,情侣,刘仁娜,7825
玉木宏,7994,绯闻,深田恭子,7890
王绘春,2898,好友,聂远,162
黄雅莉,3686,好友,何洁,2976
黄雅莉,3686,好友,陈西贝,5310
王丽坤,2147,搭档,黄明,6099
袁弘,5941,同学,胡歌,6172
袁弘,5941,同学,韩雪,7136
袁弘,5941,好友,林更新,2153
袁弘,5941,好友,韩栋,2221
袁弘,5941,好友,杨幂,6164
赵显宰,7993,好友,李东健,7902
周渝民,8281,拍档,言承旭,7294
周渝民,8281,夫妻,喻虹渊,8439
周渝民,8281,拍档,朱孝天,8503
周渝民,8281,旧爱,徐熙媛,8750
周渝民,8281,旧爱,许玮伦,5616
周渝民,8281,绯闻,阎娜,3051
陈浩民,6106,旧爱,佘诗曼,8291
陈浩民,6106,旧爱,叶璇,8315
李小婉,3694,母子,林申,2486
黄晓明,7159,绯闻,应采儿,8275
黄晓明,7159,绯闻,胡可,2223
黄晓明,7159,好友,李宇春,2264
黄晓明,7159,绯闻,安以轩,6130
黄晓明,7159,旧爱,秦岚,2337
黄晓明,7159,同学,孔维,2607
黄晓明,7159,旧爱,李菲儿,2201
黄晓明,7159,同学,颜丹晨,2244
黄晓明,7159,同学,许还幻,3272
黄晓明,7159,同学,祖峰,5168
黄晓明,7159,好友,赵薇,6184
黄晓明,7159,好友,陈坤,2143
方大同,8379,绯闻,薛凯琪,8295
李敏镐,7426,旧爱,朴敏英,7806
庾澄庆,8282,情侣,张嘉欣,7141
庾澄庆,8282,绯闻,张惠妹,3436
庾澄庆,8282,好友,陈奕迅,7743
庾澄庆,8282,好友,张学友,8273
庾澄庆,8282,师徒,吴莫愁,2351
庾澄庆,8282,师徒,金池,2578
庾澄庆,8282,师徒,王韵壹,3208
庾澄庆,8282,师徒,褚乔,3559
庾澄庆,8282,师徒,李维真,3690
庾澄庆,8282,师徒,谢丹,5167
庾澄庆,8282,师徒,魏语诺,5908
倪雅丰,4464,师徒,杨坤,2403
安七炫,7915,拍档,张佑赫,7917
安七炫,7915,拍档,安胜浩,219
安七炫,7915,拍档,文熙俊,365
安七炫,7915,旧爱,朴志胤,646
安七炫,7915,拍档,李在元,218
张卫健,8421,绯闻,林心如,5942
张卫健,8421,绯闻,周慧敏,8267
张卫健,8421,旧爱,江欣燕,8895
张卫健,8421,好友,韩红,409
张卫健,8421,夫妻,张茜,3237
张卫健,8421,绯闻,黎姿,8286
张卫健,8421,好友,许志安,8325
张卫健,8421,旧爱,宣萱,8375
张卫健,8421,好友,梁汉文,8651
王志文,2450,同学,胡亚捷,3552
王志文,2450,夫妻,陈坚红,6078
王志文,2450,旧爱,许晴,2163
王志文,2450,旧爱,徐帆,2190
王志文,2450,拍档,王笛,2666
王志文,2450,拍档,夏凡,3019
王志文,2450,同学,陆剑民,4943
陈宝莲,3333,旧爱,莫少聪,8798
罗泳娴,8624,旧爱,吴启华,8622
辰亦儒,8634,拍档,汪东城,8280
辰亦儒,8634,拍档,炎亚纶,8463
辰亦儒,8634,好友,吴尊,2418
李泉,2560,旧爱,柯蓝,2928
李泉,2560,绯闻,赵薇,6184
李泉,2560,情侣,朱珠,6149
薛景求,830,夫妻,宋允儿,575
龚蓓苾,4290,同学,段奕宏,2438
龚蓓苾,4290,同学,高虎,2889
龚蓓苾,4290,同学,陶虹,2343
龚蓓苾,4290,同学,印小天,2761
龚蓓苾,4290,同学,涂松岩,3196
杨宗纬,7292,绯闻,周笔畅,2383
王心凌,8298,旧爱,范植伟,8711
王心凌,8298,绯闻,明道,8371
王心凌,8298,绯闻,张栋梁,1626
王心凌,8298,好友,卢洁云,4784
沈傲君,2848,好友,任泉,5848
沈傲君,2848,好友,黄海波,2419
沈傲君,2848,好友,戴军,2810
张晓龙,2530,绯闻,林志玲,7314
张晓龙,2530,绯闻,陈思斯,5889
计春华,2130,搭档,李连杰,8297
计春华,2130,搭档,郑少秋,8322
黎瑞恩,8563,密友,李婉华,8728
葛优,2196,父,葛子铭,2079
葛优,2196,父子,葛存壮,6812
锦户亮,528,拍档,山下智久,7868
锦户亮,528,拍档,小山庆一郎,320
锦户亮,528,拍档,大仓忠义,1703
江铠同,2507,拍档,丹尼斯·吴,4451
江铠同,2507,好友,郑爽,6160
江铠同,2507,好友,张翰,166
江铠同,2507,好友,任泉,5848
江铠同,2507,好友,曾之乔,3028
江铠同,2507,好友,左小青,3173
江铠同,2507,好友,潘之琳,4180
江铠同,2507,好友,李湘,2258
江铠同,2507,绯闻,韩庚,2331
竹内结子,8123,前任夫妻,中村狮童,1862
高圆圆,1000,情侣,赵又廷,8254
高圆圆,1000,拍档,郑雨盛,4341
高圆圆,1000,好友,贾静雯,3416
高圆圆,1000,绯闻,夏雨,2126
李连杰,8297,夫妻,利智,508
李连杰,8297,好友,文章,7090
李连杰,8297,搭档,计春华,2130
吴秀波,6122,绯闻,汤唯,746
霍启刚,8268,母子,朱玲玲,8419
霍启刚,8268,夫妻,郭晶晶,4559
霍启刚,8268,绯闻,吴婷,3306
翟天临,1008,拍档,丁子峻,8633
翟天临,1008,拍档,杜琪峰,8644
翟天临,1008,拍档,邓婕,2203
翟天临,1008,拍档,张一鸾,3583
郑爽,6160,好友,阚清子,2509
郑爽,6160,情侣,胡彦斌,2177
郑爽,6160,旧爱,张翰,166
郑爽,6160,好友,江铠同,2507
郑爽,6160,同学,柴碧云,4070
李解,6026,同学,黄海波,2419
李解,6026,同学,海清,2338
张靓颖,4163,好友,李湘,2258
张靓颖,4163,情人,冯轲,9155
李斯丹妮,3160,好友,付梦妮,2636
吕方,1433,旧爱,郑裕玲,8690
黄海波,2419,好友,潘粤明,6118
黄海波,2419,好友,沈傲君,2848
黄海波,2419,同学,海清,2338
黄海波,2419,旧爱,莫小棋,2425
黄海波,2419,绯闻,姚芊羽,2459
黄海波,2419,同学,李解,6026
钟欣潼,6185,密友,容祖儿,8251
钟欣潼,6185,绯闻,房祖名,8255
钟欣潼,6185,绯闻,余文乐,8278
钟欣潼,6185,拍档,蔡卓妍,8306
钟欣潼,6185,绯闻,方力申,8353
钟欣潼,6185,旧爱,麦浚龙,8432
钟欣潼,6185,绯闻,聂远,162
钟欣潼,6185,好友,梁洛施,8264
钟欣潼,6185,好友,郑希怡,8523
黄子佼,8351,旧爱,曾宝仪,8372
黄子佼,8351,绯闻,杨雅筑,1451
梁汉文,8651,好友,许志安,8325
梁汉文,8651,好友,张卫健,8421
魏晨,2542,好友,苏醒,2434
魏晨,2542,好友,张杰,6110
魏晨,2542,好友,付梦妮,2636
李响,1201,绯闻,孙骁骁,6132
舒畅,7181,拍档,韩雯雯,3619
李智雅,599,旧爱,郑雨盛,4341
安以轩,6130,绯闻,郭品超,8749
安以轩,6130,绯闻,黄晓明,7159
段奕宏,2438,绯闻,汤唯,746
段奕宏,2438,同学,陶虹,2343
段奕宏,2438,同学,印小天,2761
段奕宏,2438,同学,高虎,2889
段奕宏,2438,同学,龚蓓苾,4290
段奕宏,2438,绯闻,左小青,3173
段奕宏,2438,同学,涂松岩,3196
周一围,2671,同学,黄圣依,2326
周一围,2671,同学,王珞丹,2273
周一围,2671,拍档,王笛,2666
周一围,2671,同学,戚迹,2886
周一围,2671,同学,贾乃亮,586
刘雯,2699,情侣,崔始源,7804
刘昊霖,5459,师徒,刘欢,2411
狄龙,1598,舅甥,林海峰,9080
狄龙,1598,拍档,姜大卫,1619
狄龙,1598,父子,谭俊彦,1677
狄龙,1598,师徒,张彻,5374
狄龙,1598,拍档,李勤勤,5164
宋祖英,582,好友,周杰伦,7157
宋祖英,582,好友,沙宝亮,2224
宋祖英,582,好友,陈道明,2205
李李仁,5947,夫妻,陶晶莹,8323
贾静雯,3416,好友,何润东,5076
贾静雯,3416,好友,苏有朋,8283
贾静雯,3416,好友,赵文卓,2375
贾静雯,3416,好友,高圆圆,1000
贾静雯,3416,夫妻,修杰楷,8866
贾静雯,3416,好友,欧弟,8293
贾静雯,3416,绯闻,黄磊,6152
贾静雯,3416,姐弟,贾鹏礼,3417
王岳伦,6108,夫妻,李湘,2258
王岳伦,6108,搭档,江映蓉,2553
孙楠,2374,好友,巫启贤,8602
孙楠,2374,好友,那英,2275
孙楠,2374,好友,韩红,409
孙楠,2374,好友,罗中旭,2795
孙楠,2374,好友,毛宁,2498
孙楠,2374,好友,景岗山,2594
孙楠,2374,好友,满文军,3105
孙楠,2374,夫妻,潘蔚,3501
郭富城,1733,绯闻,舒淇,7183
郭富城,1733,好友,余文乐,8278
郭富城,1733,绯闻,朱茵(上海),984
郭富城,1733,好友,邱淑贞,2399
郭富城,1733,好友,章子怡,2259
郭富城,1733,夫妻,方媛,9156
郭富城,1733,绯闻,藤原纪香,7918
郭富城,1733,绯闻,钟丽缇,8274
郭富城,1733,密友,张智霖,8292
郭富城,1733,好友,杨采妮,8479
郭富城,1733,情侣,熊黛林,6105
景甜,3437,同学,阚清子,2509
景甜,3437,同学,柴碧云,4070
李欣汝,2227,好友,毛俊杰,3319
李欣汝,2227,好友,刘晓虎,4467
三浦友和,1351,夫妻,山口百惠,1352
林申,2486,母子,李小婉,3694
茹萍,5123,夫妻,刘之冰,4483
陈伟霆,6146,旧爱,蔡卓妍,8306
陈伟霆,6146,拍档,张致恒,8980
刘诗诗,6254,好友,韩栋,2221
刘诗诗,6254,好友,林更新,2153
刘诗诗,6254,好友,蒋劲夫,6123
刘诗诗,6254,好友,陈翔,2723
刘诗诗,6254,密友,杨幂,6164
刘诗诗,6254,夫妻,吴奇隆,7313
华汉,7114,情侣,胡冰卿,80
金志文,2487,师徒,杨坤,2403
钟镇涛,8366,好友,梁朝伟,8247
钟镇涛,8366,拍档,谭咏麟,8393
钟镇涛,8366,前任夫妻,章小蕙,8826
钟镇涛,8366,旧爱,恬妞,8872
戴庚玲,8729,情侣,麦浚龙,8432
陈美诗,8880,情侣,孙耀威,8601
李湘,2258,好友,张靓颖,4163
李湘,2258,好友,李维嘉,2564
李湘,2258,好友,江铠同,2507
李湘,2258,好友,何炅,2260
李湘,2258,夫妻,王岳伦,6108
李云迪,2355,绯闻,王力宏,8245
付辛博,2755,好友,罗志祥,6157
付辛博,2755,好友,唐禹哲,8618
付辛博,2755,好友,朱丹,2319
付辛博,2755,好友,尚雯婕,2339
付辛博,2755,好友,周笔畅,2383
付辛博,2755,好友,乔任梁,4612
付辛博,2755,好友,井柏然,6088
林韦辰,5701,旧爱,吕晶晶,5279
岳华,5756,绯闻,郑佩佩,2238
张楚,7056,好友,何勇,7060
叶童,8407,拍档,尚于博,5303
林宥嘉,3291,恋人,丁文琪,3295
林宥嘉,3291,旧爱,邓紫棋,7116
宋新妮,8531,绯闻,吴宗宪,8296
恭硕良,8543,情侣,林忆莲,8313
刘品言,8888,绯闻,阮经天,8307
刘品言,8888,搭档,彭于晏,8331
汤盈盈,8388,好友,胡杏儿,8249
汤盈盈,8388,好友,林峰,8256
汤盈盈,8388,好友,佘诗曼,8291
汤盈盈,8388,好友,吴卓羲,8310
汤盈盈,8388,好友,陈法拉,8362
汤盈盈,8388,夫妻,钱嘉乐,8402
汤盈盈,8388,好友,胡定欣,8481
汤盈盈,8388,好友,李思捷,8556
汤盈盈,8388,好友,苑琼丹,8613
汤盈盈,8388,好友,李诗韵,8658
汤盈盈,8388,好友,钟丽淇,1405
汤盈盈,8388,好友,高梓淇,2667
申彗星,232,绯闻,李孝利,7179
申彗星,232,拍档,朴忠载,657
韩寒,2340,好友,韩雪,7136
韩寒,2340,绯闻,徐静蕾,918
陈自瑶,8771,绯闻,方力申,8353
陈自瑶,8771,绯闻,蔡淇俊,5777
陈自瑶,8771,绯闻,司徒瑞祈,6036
张静初,2342,绯闻,顾长卫,3146
徐淑敏,8532,绯闻,崔建邦,8926
徐淑敏,8532,绯闻,陈山聪,8519
陆元琪,3293,夫妻,袁惟仁,3292
黄绮珊,2417,好友,汪峰,2310
张翰,166,好友,吴昕,2409
张翰,166,情侣,古力娜扎,6153
张翰,166,好友,江铠同,2507
张翰,166,好友,杨幂,6164
张翰,166,旧爱,郑爽,6160
谭耀文,8500,师徒,梅艳芳,8314
谭耀文,8500,旧爱,陈芷菁,3452
袁咏仪,8299,夫妻,张智霖,8292
袁咏仪,8299,好友,孙兴,8518
袁咏仪,8299,好友,苑琼丹,8613
米雪,8590,绯闻,成龙,6091
巫启贤,8602,好友,齐秦,8302
巫启贤,8602,好友,孙楠,2374
洪小玲,8753,好友,林心如,5942
张一鸾,3583,拍档,黄小蕾,2601
张一鸾,3583,拍档,翟天临,1008
卓义峰,3382,师徒,那英,2275
司徒瑞祈,6036,好友,方力申,8353
司徒瑞祈,6036,绯闻,陈自瑶,8771
科勒·卡戴珊,3369,姐妹,金·卡戴珊,3630
李维嘉,2564,好友,吴昕,2409
李维嘉,2564,好友,谢娜,2266
李维嘉,2564,好友,杜海涛,604
李维嘉,2564,好友,李湘,2258
李维嘉,2564,好友,何炅,2260
白静,2565,同学,文章,7090
白静,2565,同学,白百何,772
白静,2565,同学,毛俊杰,3319
白静,2565,同学,唐嫣,3060
李东健,7902,好友,金宣儿,4309
李东健,7902,好友,赵显宰,7993
李东健,7902,好友,金民钟,8227
李东健,7902,好友,柳时元,7961
李东健,7902,旧爱,韩智慧,8083
吴绮莉,7344,旧爱,成龙,6091
吴绮莉,7344,旧爱,吕颂贤,8834
吴绮莉,7344,密友,叶玉卿,8328
吴绮莉,7344,密友,张可颐,8686
吴绮莉,7344,绯闻,邓梓峰,8805
吴绮莉,7344,绯闻,赵文卓,2375
柯震东,7337,情侣,萧亚轩,8248
杨千嬅,7770,旧爱,陈奕迅,7743
杨千嬅,7770,绯闻,古天乐,8289
杨千嬅,7770,旧爱,郑中基,8320
杨千嬅,7770,夫妻,丁子高,8385
杨千嬅,7770,好友,关心妍,8736
应采儿,8275,夫妻,陈小春,8279
应采儿,8275,旧爱,孙耀威,8601
应采儿,8275,拍档,韩雯雯,3619
应采儿,8275,绯闻,黄晓明,7159
刘宪华,5919,拍档,崔始源,7804
刘宪华,5919,拍档,李东海,8049
刘宪华,5919,拍档,韩庚,2331
刘宪华,5919,拍档,周觅,2533
刘宪华,5919,拍档,曺圭贤,7747
袁娅维,2811,师徒,刘欢,2411
佟丽娅,585,好友,杨幂,6164
曹卫宇,4395,同学,王学兵,2354
曹卫宇,4395,同学,李亚鹏,2267
曹卫宇,4395,同学,陈建斌,2490
廉晶雅,4622,旧爱,张东健,7799
廉晶雅,4622,好友,池珍熙,572
宋宁,3114,旧爱,周迅,2142
宋宁,3114,夫妻,齐溪,2695
范植伟,8711,绯闻,许茹芸,8377
范植伟,8711,绯闻,杨雅筑,1451
范植伟,8711,旧爱,王心凌,8298
邢佳栋,3572,同学,左小青,3173
邢佳栋,3572,同学,余男,581
曹郁,2384,夫妻,姚晨,2141
张熙恩,6251,绯闻,言承旭,7294
吴千语,8311,师徒,毛舜筠,4490
吴千语,8311,情侣,林峰,8256
渡边杏,1850,父女,渡边谦,233
麦浚龙,8432,旧爱,钟欣潼,6185
麦浚龙,8432,情侣,戴庚玲,8729
朱亚文,2518,同学,刘亦菲,6161
朱亚文,2518,夫妻,沈佳妮,3595
于和伟,2673,夫妻,宋林静,7119
黄立行,8342,旧爱,杨乃文,8909
黄立行,8342,绯闻,徐静蕾,918
裴勇俊,7919,绯闻,崔智友,8005
高娅媛,5215,好友,师洋,3428
蓝正龙,8441,旧爱,徐熙媛,8750
朴忠载,657,旧爱,郑丽媛,7940
朴忠载,657,旧爱,金孝珍,8223
朴忠载,657,拍档,申彗星,232
宁才,5453,夫妻,娜仁花,4157
叶璇,8315,旧爱,张默,2171
叶璇,8315,绯闻,林峰,8256
叶璇,8315,旧爱,陈浩民,6106
叶璇,8315,绯闻,霍建华,6267
叶璇,8315,绯闻,田亮,2148
戴娇倩,2585,绯闻,吴奇隆,7313
戴娇倩,2585,好友,杜淳,2265
罗家英,8756,夫妻,汪明荃,8537
张丰毅,3015,好友,刘威,2544
张丰毅,3015,同学,沈丹萍,2729
张丰毅,3015,拍档,张博,2878
张丰毅,3015,前任夫妻,吕丽萍,2997
金民钟,8227,绯闻,宋慧乔,6137
金民钟,8227,好友,李东健,7902
郑伊健,8284,情侣,蒙嘉慧,8332
郑伊健,8284,好友,林嘉欣,8460
郑伊健,8284,好友,刘伟强,3398
郑伊健,8284,旧爱,梁咏琪,8262
郑伊健,8284,好友,陈小春,8279
郑伊健,8284,绯闻,钟嘉欣,8382
郑伊健,8284,旧爱,邵美琪,8412
郑伊健,8284,绯闻,杨恭如,8451
郑伊健,8284,旧爱,黎芷珊,8710
郑伊健,8284,师徒,罗文,1478
郑伊健,8284,绯闻,张柏芝,7745
郑伊健,8284,同门,关淑怡,3896
蒋勤勤,2380,夫妻,陈建斌,2490
瑛太,954,绯闻,长泽雅美,7861
瑛太,954,绯闻,绫濑遥,7982
瑛太,954,好友,真木阳子,8035
周韵,2716,夫妻,姜文,2151
胡瓜,8465,干父女,香蜜拉,8746
郭可盈,8490,绯闻,李克勤,8600
郭可盈,8490,好友,陈慧珊,8766
郭可盈,8490,好友,蔡少芬,8246
郭可盈,8490,好友,伍咏薇,8758
郭可盈,8490,夫妻,林文龙,8767
郭可盈,8490,姐弟,郭可颂,9143
徐海星,605,师徒,刘欢,2411
周家怡,6128,好友,佘诗曼,8291
藤原纪香,7918,绯闻,郭富城,1733
韩智慧,8083,旧爱,李东健,7902
韩智慧,8083,好友,李多海,7812
韩智慧,8083,绯闻,宋承宪,7125
杨秀惠,3778,绯闻,孙耀威,8601
陈美心,8477,师徒,赵本山,583
刘仁娜,7825,情侣,池贤宇,7833
迟帅,2629,绯闻,姚笛,2145
张天爱,3251,旧爱,李子峰,6893
赵文瑄,7773,拍档,韩雯雯,3619
中村狮童,1862,旧爱,黑木明纱,7731
中村狮童,1862,前任夫妻,竹内结子,8123
张天霖,8495,好友,姚元浩,8369
白百何,772,夫妻,陈羽凡,2531
白百何,772,同学,杨烁,3243
白百何,772,同学,唐嫣,3060
白百何,772,同学,文章,7090
白百何,772,同学,孙坚,2467
白百何,772,同学,周觅,2533
白百何,772,同学,白静,2565
白百何,772,同学,郭珍霓,2814
白百何,772,同学,张博,2878
白百何,772,同学,童瑶,3003
白百何,772,同学,秦丽,3073
白百何,772,同学,郭家铭,3093
白百何,772,同学,霍政谚,3223
白百何,772,同学,毛俊杰,3319
白百何,772,同学,沈佳妮,3595
白百何,772,同学,曹曦文,3600
白百何,772,同学,赵冉,3644
白百何,772,同学,邹廷威,5131
白百何,772,同学,田野,5150
白百何,772,同学,徐百卉,5796
白百何,772,同学,陈思斯,5889
布拉德·皮特,4452,前任,安吉丽娜·朱莉,4456
余声,5306,绯闻,何润东,5076
印小天,2761,同学,陶虹,2343
印小天,2761,同学,段奕宏,2438
印小天,2761,同学,高虎,2889
印小天,2761,绯闻,曹颖,2232
印小天,2761,同学,龚蓓苾,4290
印小天,2761,同学,涂松岩,3196
孙燕姿,8269,好友,蔡依林,8243
孙燕姿,8269,好友,蔡健雅,8356
钱泳辰,5582,情侣,吕一,355
徐静蕾,918,绯闻,韩寒,2340
徐静蕾,918,好友,宋佳,2485
徐静蕾,918,同学,刘孜,2229
徐静蕾,918,绯闻,黄立行,8342
徐静蕾,918,旧爱,黄觉,2836
唐艺昕,3716,情侣,张若昀,804
古力娜扎,6153,好友,蒋劲夫,6123
古力娜扎,6153,情侣,张翰,166
陈炜,8597,同学,巩俐,8244
陈炜,8597,同学,史可,2895
胡军,2174,同学,韩青,4194
胡军,2174,绯闻,刘嘉玲,8242
胡军,2174,同学,徐帆,2190
胡军,2174,同学,陈小艺,3519
胡军,2174,同学,江珊,3788
胡军,2174,同学,何冰,5136
孙周,2968,兄弟,孙淳,1007
孙周,2968,绯闻,巩俐,8244
黑木明纱,7731,夫妻,赤西仁,7943
黑木明纱,7731,旧爱,中村狮童,1862
孙宁,2443,同学,陈思诚,2328
孙宁,2443,同学,李光洁,2894
邹市明,6810,夫妻,冉莹颖,679
高虎,2889,同学,段奕宏,2438
高虎,2889,同学,陶虹,2343
高虎,2889,同学,印小天,2761
高虎,2889,同学,龚蓓苾,4290
高虎,2889,同学,涂松岩,3196
师洋,3428,好友,高娅媛,5215
王仁甫,7733,夫妻,季芹,8530
凯特·温斯莱特,4363,好友,莱昂纳多·迪卡普里奥,4795
李双江,8349,师徒,黄琦雯,4506
李阵郁,1859,旧爱,崔智友,8005
许晴,2163,旧爱,王志文,2450
许晴,2163,绯闻,尤勇智,4952
许晴,2163,同学,蒋雯丽,2391
许晴,2163,绯闻,陈凯歌,2161
许晴,2163,同学,邵峰,3092
程莉莎,3472,夫妻,郭晓东,1006
莫文蔚,7293,旧爱,周星驰,7343
莫文蔚,7293,旧爱,冯德伦,8301
rain,8233,绯闻,宋慧乔,6137
rain,8233,绯闻,全智贤,7798
rain,8233,绯闻,李孝利,7179
邓丽君,8337,旧爱,成龙,6091
裘德·洛,4573,绯闻,林赛·罗韩,3611
苏志燮,7834,旧爱,金贤珠,8082
苏志燮,7834,好友,朴容夏,197
苏志燮,7834,好友,宋承宪,7125
扬明,1427,旧爱,陈敏之,8695
扬明,1427,绯闻,佘诗曼,8291
吴彦祖,8266,绯闻,林熙蕾,8287
吴彦祖,8266,好友,冯德伦,8301
吴彦祖,8266,好友,尹子维,8838
吴彦祖,8266,好友,连凯,8920
吴彦祖,8266,旧爱,李美琪,5861
陈文媛,8889,绯闻,何韵诗,8309
苏妙玲,3489,好友,付梦妮,2636
杨丞琳,8270,旧爱,黄鸿升,8742
杨丞琳,8270,绯闻,邱胜翊,503
杨丞琳,8270,绯闻,邱泽,8329
杨丞琳,8270,绯闻,罗志祥,6157
杨丞琳,8270,好友,梁洛施,8264
杨丞琳,8270,绯闻,余文乐,8278
杨丞琳,8270,好友,潘玮柏,8312
杨丞琳,8270,好友,郭采洁,8317
杨丞琳,8270,绯闻,炎亚纶,8463
杨丞琳,8270,绯闻,贺军翔,8501
杨丞琳,8270,好友,吴尊,2418
高梓淇,2667,好友,汤盈盈,8388
高梓淇,2667,好友,赵丽颖,7191
高梓淇,2667,好友,李晟,2404
高梓淇,2667,好友,张嘉倪,2412
高梓淇,2667,好友,张睿,2164
高梓淇,2667,好友,海陆,2570
高梓淇,2667,好友,李佳航,5940
王柏杰,5696,旧爱,柯佳嬿,7780
权志龙,7797,旧爱,水原希子,8046
赵冉,3644,同学,白百何,772
张艺谋,2317,同学,顾长卫,3146
张艺谋,2317,旧爱,巩俐,8244
范明,2582,拍档,夏凡,3019
海清,2338,好友,孙红雷,6119
海清,2338,好友,黄磊,6152
海清,2338,同学,黄海波,2419
海清,2338,同学,李解,6026
范冰冰,6175,拍档,张东健,7799
范冰冰,6175,绯闻,潘粤明,6118
范冰冰,6175,旧爱,王学兵,2354
范冰冰,6175,绯闻,黄觉,2836
范冰冰,6175,绯闻,洪金宝,8340
范冰冰,6175,绯闻,王学圻,2492
范冰冰,6175,拍档,李冰冰,2128
赵本山,583,师徒,陈美心,8477
赵本山,583,师徒,黄圣依,2326
赵本山,583,师徒,王小利,3125
赵本山,583,拍档,宋丹丹,2333
赵本山,583,师徒,宋小宝,3134
赵本山,583,拍档,范伟,2204
赵本山,583,拍档,张洪杰,3391
赵本山,583,干父女,张柏芝,7745
赵本山,583,父女,赵一涵,9158
文熙俊,365,拍档,张佑赫,7917
文熙俊,365,拍档,李在元,218
文熙俊,365,拍档,安七炫,7915
文熙俊,365,好友,安胜浩,219
尚于博,5303,拍档,叶童,8407
尚于博,5303,拍档,王珞丹,2273
尚于博,5303,拍档,李光洁,2894
尚于博,5303,拍档,孙淳,1007
尚于博,5303,拍档,何赛飞,3111
尚于博,5303,拍档,涂黎曼,5926
安胜浩,219,拍档,张佑赫,7917
安胜浩,219,好友,文熙俊,365
安胜浩,219,拍档,李在元,218
安胜浩,219,拍档,安七炫,7915
何琳,2718,同学,张恒,2945
何琳,2718,同学,许还幻,3272
何琳,2718,同学,赵薇,6184
何琳,2718,同学,陈坤,2143
何琳,2718,同学,孔维,2607
何琳,2718,同学,颜丹晨,2244
何琳,2718,同学,祖峰,5168
涂松岩,3196,同学,陶虹,2343
涂松岩,3196,同学,段奕宏,2438
涂松岩,3196,同学,印小天,2761
涂松岩,3196,同学,高虎,2889
涂松岩,3196,同学,龚蓓苾,4290
何勇,7060,好友,张炬,7059
何勇,7060,好友,张楚,7056
李东海,8049,拍档,崔始源,7804
李东海,8049,拍档,曺圭贤,7747
李东海,8049,拍档,韩庚,2331
李东海,8049,拍档,周觅,2533
李东海,8049,拍档,刘宪华,5919
李东海,8049,组员,super junior,3629
谢金燕,7173,父女,谢金燕,7173
谢金燕,7173,父女,猪哥亮,6286
叶祖新,2207,好友,韩栋,2221
林丹,3491,夫妻,谢杏芳,9159
曹颖,2232,夫妻,王斑,2683
曹颖,2232,绯闻,印小天,2761
陈若仪,8344,夫妻,林志颖,8241
黄少祺,8562,绯闻,胡杏儿,8249
葛子铭,2079,父,葛优,2196
陆剑民,4943,同学,王志文,2450
陆剑民,4943,同学,胡亚捷,3552
金来沅,8236,绯闻,郑丽媛,7940
金来沅,8236,旧爱,金孝珍,8223
曾国祥,5360,父子,曾志伟,8259
曾国祥,5360,姐弟,曾宝仪,8372
梁嘉琪,3456,绯闻,陈键锋,8577
陈法拉,8362,绯闻,黄宗泽,7334
陈法拉,8362,好友,汤盈盈,8388
周汶锜,7776,旧爱,杜德伟,8394
周汶锜,7776,姐妹,周丽淇,8513
修杰楷,8866,夫妻,贾静雯,3416
潘宏彬,5750,绯闻,刘德华,6104
郑多彬（童星）,4727,搭档,宋承宪,7125
江一燕,2436,绯闻,邓超,6170
马浚伟,8687,绯闻,郭羡妮,8373
狄波拉,8554,母女,谢婷婷,8352
狄波拉,8554,前任夫妻,谢贤,8384
狄波拉,8554,母子,谢霆锋,7342
何冰,5136,同学,胡军,2174
何冰,5136,同学,徐帆,2190
何冰,5136,同学,王斑,2683
何冰,5136,同学,陈小艺,3519
翁美玲,8470,好友,黄日华,8521
翁美玲,8470,旧爱,汤镇业,8564
翁美玲,8470,绯闻,苗侨伟,8701
蒲冰墨,3344,拍档,高云翔,7070
蒲冰墨,3344,拍档,沈佳妮,3595
蒲冰墨,3344,拍档,孙俪,6979
蒲冰墨,3344,拍档,谢娜,2266
蒲冰墨,3344,拍档,陈坤,2143
炎亚纶,8463,绯闻,杨丞琳,8270
炎亚纶,8463,拍档,汪东城,8280
炎亚纶,8463,好友,吴尊,2418
炎亚纶,8463,拍档,辰亦儒,8634
李克勤,8600,拍档,谭咏麟,8393
李克勤,8600,好友,梁荣忠,6073
李克勤,8600,好友,刘德华,6104
李克勤,8600,绯闻,郭可盈,8490
黎明,8258,绯闻,金喜善,7800
黎明,8258,旧爱,舒淇,7183
黎明,8258,好友,杜汶泽,8308
黎明,8258,绯闻,徐子珊,8374
黎明,8258,绯闻,杨采妮,8479
黎明,8258,绯闻,周海媚,2202
黎明,8258,绯闻,张曼玉,8252
黎明,8258,绯闻,王菲,93
彭冠英,3536,拍档,杜志国,3477
安在旭,8050,旧爱,宋允儿,575
安在旭,8050,好友,张真英,4333
许亚军,3102,前任夫妻,何晴,3692
刘亦菲,6161,绯闻,郎朗,2439
刘亦菲,6161,同学,朱亚文,2518
刘亦菲,6161,密友,杨幂,6164
戴云霞,5515,好友,苑冉,5109
小栗旬,7924,夫妻,山田优,8028
隋棠,8338,情侣,姚元浩,8369
郭凯敏,3749,同学,寇振海,2841
许玮甯,3513,情侣,阮经天,8307
甄子丹,2324,前任夫妻,万绮雯,8404
甄子丹,2324,夫妻,汪诗诗,8425
甄子丹,2324,好友,熊黛林,6105
权振东,2670,师徒,刘欢,2411
权振东,2670,好友,陈彦屹,5490
江淑娜,1441,姐妹,江蕙,8663
莫小棋,2425,旧爱,黄海波,2419
焦俊艳,2808,拍档,陈宝国,2226
焦俊艳,2808,拍档,孙淳,1007
焦俊艳,2808,拍档,陈小艺,3519
焦俊艳,2808,拍档,陈坤,2143
金荷娜,7826,绯闻,金载沅,7862
金荷娜,7826,绯闻,高修,8081
张娜拉,7851,兄妹,张成源,4419
陈键锋,8577,好友,吴卓羲,8310
陈键锋,8577,绯闻,梁嘉琪,3456
陈键锋,8577,好友,胡杏儿,8249
水原希子,8046,旧爱,权志龙,7797
宋承宪,7125,好友,苏志燮,7834
宋承宪,7125,绯闻,孙艺珍,7988
宋承宪,7125,旧爱,崔智友,8005
宋承宪,7125,绯闻,韩智慧,8083
宋承宪,7125,搭档,郑多彬（童星）,4727
宋承宪,7125,绯闻,宋慧乔,6137
宋承宪,7125,旧爱,成宥利,7965
宋承宪,7125,好友,朴容夏,197
温岚,8400,绯闻,周杰伦,7157
周迅,2142,好友,刘若英,8326
周迅,2142,绯闻,黄觉,2836
周迅,2142,绯闻,冯绍峰,1964
周迅,2142,旧爱,李亚鹏,2267
周迅,2142,好友,范晓萱,8427
周迅,2142,旧爱,朴树,2840
周迅,2142,旧爱,宋宁,3114
周迅,2142,好友,陈坤,2143
深田恭子,7890,绯闻,玉木宏,7994
深田恭子,7890,绯闻,堂本光一,263
涂黎曼,5926,拍档,尚于博,5303
苏有朋,8283,绯闻,林心如,5942
苏有朋,8283,拍档,陈志朋,8524
苏有朋,8283,拍档,吴奇隆,7313
苏有朋,8283,好友,贾静雯,3416
苏有朋,8283,绯闻,赵薇,6184
金喜善,7800,绯闻,张东健,7799
金喜善,7800,绯闻,高修,8081
金喜善,7800,绯闻,申贤俊,906
金喜善,7800,绯闻,黎明,8258
刘小锋,3064,同学,刘晓虎,4467
刘小锋,3064,同学,李冰冰,2128
刘小锋,3064,同学,任泉,5848
戎祥,8609,夫妻,赖芊合,8745
林心如,5942,绯闻,霍建华,6267
林心如,5942,好友,赵薇,6184
林心如,5942,绯闻,苏有朋,8283
林心如,5942,好友,姚元浩,8369
林心如,5942,绯闻,张卫健,8421
林心如,5942,好友,洪小玲,8753
林心如,5942,好友,刘涛,6165
林心如,5942,拍档,张博,2878
朱茵(上海),984,旧爱,周星驰,7343
朱茵(上海),984,夫妻,黄贯中,8334
朱茵(上海),984,密友,蔡少芬,8246
朱茵(上海),984,绯闻,郭富城,1733
黄觉,2836,旧爱,徐静蕾,918
黄觉,2836,绯闻,范冰冰,6175
黄觉,2836,绯闻,周迅,2142
戴军,2810,好友,沈傲君,2848
戴军,2810,绯闻,何炅,2260
景岗山,2594,好友,孙楠,2374
景岗山,2594,好友,罗中旭,2795
丁子峻,8633,拍档,翟天临,1008
何洁,2976,好友,李宇春,2264
何洁,2976,情侣,赫子铭,2975
何洁,2976,旧爱,释小龙,2457
何洁,2976,好友,黄雅莉,3686
何洁,2976,好友,陈西贝,5310
郭珍霓,2814,同学,白百何,772
绫濑遥,7982,绯闻,山田孝之,198
绫濑遥,7982,绯闻,瑛太,954
许还幻,3272,好友,赵薇,6184
许还幻,3272,同学,黄晓明,7159
许还幻,3272,同学,陈坤,2143
许还幻,3272,同学,孔维,2607
许还幻,3272,同学,何琳,2718
许还幻,3272,同学,张恒,2945
许还幻,3272,同学,颜丹晨,2244
许还幻,3272,同学,祖峰,5168
路嘉欣,9046,旧爱,张震,8383
路嘉欣,9046,姐妹,路嘉怡,5761
赵子琪,2517,好友,陈坤,2143
莉顿·梅斯特,4615,情侣,塞巴斯蒂安·斯坦,4975
孙骁骁,6132,绯闻,苏醒,2434
孙骁骁,6132,绯闻,李响,1201
惠天赐,3355,兄妹,惠英红,8467
马剑琴,4472,姐妹,马剑棋,5413
丁丁,2504,师徒,杨坤,2403
许慧欣,8449,绯闻,郭品超,8749
关喆,2287,师徒,杨坤,2403
洪欣,8528,密友,蒙嘉慧,8332
洪欣,8528,密友,陈法蓉,8886
洪欣,8528,密友,蔡少芬,8246
洪欣,8528,旧爱,莫少聪,8798
洪欣,8528,夫妻,张丹峰,7155
姚晨,2141,好友,沙溢,2175
姚晨,2141,同学,叶静,2684
姚晨,2141,同学,杜淳,2265
姚晨,2141,夫妻,曹郁,2384
姚晨,2141,好友,聂鑫,2540
姚晨,2141,同学,杨志刚,2641
姚晨,2141,同学,于波,5938
王劲松,5904,拍档,张嘉译,2452
张东健,7799,绯闻,金喜善,7800
张东健,7799,夫妻,高小英,373
张东健,7799,绯闻,沈银河,8239
张东健,7799,好友,玄彬,7811
张东健,7799,好友,车仁表,8054
张东健,7799,拍档,小田切让,462
张东健,7799,好友,郑俊浩,7736
张东健,7799,旧爱,廉晶雅,4622
张东健,7799,拍档,范冰冰,6175
吕颂贤,8834,旧爱,吴绮莉,7344
吕颂贤,8834,旧爱,万绮雯,8404
江珊,3788,同学,胡军,2174
江珊,3788,同学,徐帆,2190
江珊,3788,同学,王斑,2683
江珊,3788,绯闻,张博,2878
江珊,3788,同学,陈小艺,3519
江珊,3788,绯闻,黄征,2186
江珊,3788,前任夫妻,高曙光,3080
陈锦鸿,1590,绯闻,陈法蓉,8886
陶虹,2343,夫妻,徐峥,2150
陶虹,2343,同学,段奕宏,2438
陶虹,2343,同学,高虎,2889
陶虹,2343,同学,龚蓓苾,4290
陶虹,2343,同学,印小天,2761
陶虹,2343,同学,涂松岩,3196
李多海,7812,好友,朴诗妍,835
李多海,7812,好友,韩智慧,8083
李多海,7812,好友,李准基,7821
坂本昌行,1754,拍档,井之原快彦,1761
张赫宣,3136,师徒,那英,2275
梁朝伟,8247,夫妻,刘嘉玲,8242
梁朝伟,8247,好友,周星驰,7343
梁朝伟,8247,绯闻,张曼玉,8252
梁朝伟,8247,好友,张国荣,8265
梁朝伟,8247,绯闻,蓝洁瑛,3424
梁朝伟,8247,好友,张学友,8273
梁朝伟,8247,好友,钟镇涛,8366
梁朝伟,8247,旧爱,曾华倩,8546
梁朝伟,8247,好友,王菲,93
利智,508,夫妻,李连杰,8297
薛凯琪,8295,绯闻,方大同,8379
罗大佑,8489,拍档,张震岳,8674
宁静,6200,绯闻,姜文,2151
郭敬明,2321,好友,韩红,409
秦海璐,2390,同学,胡静,2379
秦海璐,2390,情侣,王新军,2524
秦海璐,2390,同学,曾黎,5305
秦海璐,2390,好友,刘涛,6165
秦海璐,2390,同学,刘烨,2347
秦海璐,2390,同学,秦昊,2566
秦海璐,2390,同学,牛青峰,5236
秦海璐,2390,同学,章子怡,2259
姜东元,8107,好友,赵寅成,7830
姜东元,8107,好友,孔侑,7903
富大龙,5990,旧爱,曾黎,5305
富大龙,5990,情侣,饶敏莉,5542
田馥甄,6065,绯闻,周杰伦,7157
惠英红,8467,绯闻,刘家良,8615
惠英红,8467,兄妹,惠天赐,3355
谢贤,8384,父女,谢婷婷,8352
谢贤,8384,前任夫妻,狄波拉,8554
谢贤,8384,父子,谢霆锋,7342
王若心,4182,同学,林更新,2153
尚雯婕,2339,好友,付辛博,2755
王笛,2666,拍档,萧蔷,8261
王笛,2666,拍档,王志文,2450
王笛,2666,拍档,陈道明,2205
王笛,2666,拍档,周一围,2671
王笛,2666,拍档,贾青,1005
王笛,2666,拍档,柯蓝,2928
王笛,2666,拍档,牛萌萌,6077
张国荣,8265,好友,钟楚红,8303
张国荣,8265,好友,梁家辉,8453
张国荣,8265,好友,王菲,93
张国荣,8265,前任,毛舜筠,4490
张国荣,8265,好友,刘嘉玲,8242
张国荣,8265,好友,梁朝伟,8247
张国荣,8265,好友,林青霞,8253
张国荣,8265,好友,张曼玉,8252
张国荣,8265,好友,周润发,7335
张国荣,8265,好友,张学友,8273
张国荣,8265,密友,梅艳芳,8314
张国荣,8265,旧爱,倪诗蓓,8444
肖齐,5090,干父子,张纪中,5092
谢丹,5167,师徒,庾澄庆,8282
万绮雯,8404,旧爱,吕颂贤,8834
万绮雯,8404,前任夫妻,甄子丹,2324
万绮雯,8404,绯闻,林志豪,1439
蒋劲夫,6123,好友,胡歌,6172
蒋劲夫,6123,好友,林更新,2153
蒋劲夫,6123,好友,古力娜扎,6153
蒋劲夫,6123,好友,刘诗诗,6254
蒋劲夫,6123,好友,唐嫣,3060
李行亮,2468,师徒,刘欢,2411
妮可·基德曼,4596,前任夫妻,汤姆·克鲁斯,4304
汪诗诗,8425,夫妻,甄子丹,2324
马天宇,3258,好友,韩栋,2221
马天宇,3258,好友,林更新,2153
马天宇,3258,好友,李易峰,6107
光良,8702,绯闻,江美琪,8670
光良,8702,好友,陈珊妮,8839
高小英,373,夫妻,张东健,7799
高畑淳子,4178,母子,高畑裕太,4179
罗海琼,3563,同学,陆毅,2144
罗海琼,3563,同学,鲍蕾,2611
罗海琼,3563,同学,薛佳凝,2243
罗海琼,3563,同学,赵阳,3058
罗海琼,3563,同学,田海蓉,3161
堂本刚,8069,好友,井之原快彦,1761
曺圭贤,7747,拍档,崔始源,7804
曺圭贤,7747,拍档,韩庚,2331
曺圭贤,7747,拍档,周觅,2533
曺圭贤,7747,拍档,刘宪华,5919
曺圭贤,7747,拍档,李东海,8049
曺圭贤,7747,组员,super junior,3629
张晋,2402,夫妻,蔡少芬,8246
李丽珍,8405,好友,黄家驹,7477
高晓松,2372,拍档,伊能静,8250
高晓松,2372,旧爱,阿朵,2415
施祖男,8685,绯闻,邵美琪,8412
许志安,8325,夫妻,郑秀文,8276
许志安,8325,师徒,梅艳芳,8314
许志安,8325,好友,张卫健,8421
许志安,8325,绯闻,韩红,409
许志安,8325,好友,梁汉文,8651
陈芷菁,3452,旧爱,谭耀文,8500
菅野美穗,8126,旧爱,柏原崇,8057
胡定欣,8481,好友,胡杏儿,8249
胡定欣,8481,绯闻,吴卓羲,8310
胡定欣,8481,绯闻,马国明,8440
胡定欣,8481,绯闻,马德钟,8504
胡定欣,8481,旧爱,吴浩康,9050
胡定欣,8481,好友,汤盈盈,8388
胡定欣,8481,好友,唐宁,8539
邹宏宇,5244,师徒,杨坤,2403
郑少秋,8322,绯闻,赵雅芝,7744
郑少秋,8322,搭档,计春华,2130
郑少秋,8322,父女,郑欣宜,8430
张雨绮,6126,绯闻,冯德伦,8301
张雨绮,6126,旧爱,汪小菲,2329
张雨绮,6126,搭档,徐娇,2954
张雨绮,6126,师徒,周星驰,7343
张雨绮,6126,夫妻,王全安,2422
梅婷,2178,同学,胡静,2379
梅婷,2178,同学,刘烨,2347
梅婷,2178,同学,秦昊,2566
梅婷,2178,同学,牛青峰,5236
梅婷,2178,同学,曾黎,5305
梅婷,2178,同学,章子怡,2259
贾鹏礼,3417,夫妻,朱芯仪,5749
贾鹏礼,3417,姐弟,贾静雯,3416
吴亚馨,8387,绯闻,朱孝天,8503
吕丽萍,2997,夫妻,孙海英,3000
吕丽萍,2997,前任夫妻,张丰毅,3015
吕丽萍,2997,同学,姜文,2151
汤镇业,8564,绯闻,倪诗蓓,8444
汤镇业,8564,旧爱,翁美玲,8470
朱丽倩,8336,夫妻,刘德华,6104
张智霖,8292,密友,郭富城,1733
张智霖,8292,绯闻,佘诗曼,8291
张智霖,8292,夫妻,袁咏仪,8299
张智霖,8292,好友,邱淑贞,2399
张智霖,8292,拍档,孟茜,2596
张智霖,8292,好友,付梦妮,2636
赵文卓,2375,旧爱,梅艳芳,8314
赵文卓,2375,绯闻,吴绮莉,7344
赵文卓,2375,好友,贾静雯,3416
赵文卓,2375,夫妻,张丹露,3597
董璇,2414,夫妻,高云翔,7070
董璇,2414,拍档,李媛,3750
巩俐,8244,旧爱,张艺谋,2317
巩俐,8244,绯闻,孙红雷,6119
巩俐,8244,同学,史可,2895
巩俐,8244,绯闻,孙周,2968
巩俐,8244,同学,陈炜,8597
郭晶晶,4559,夫妻,霍启刚,8268
郭晶晶,4559,旧爱,田亮,2148
金希澈,7837,拍档,崔始源,7804
金希澈,7837,拍档,韩庚,2331
金希澈,7837,组员,super junior,3629
张洪杰,3391,拍档,宋丹丹,2333
张洪杰,3391,拍档,左小青,3173
张洪杰,3391,拍档,赵本山,583
张洪杰,3391,拍档,董洁,2263
刘嘉玲,8242,好友,张国荣,8265
刘嘉玲,8242,绯闻,胡军,2174
刘嘉玲,8242,密友,王菲,93
刘嘉玲,8242,好友,谢霆锋,7342
刘嘉玲,8242,夫妻,梁朝伟,8247
刘嘉玲,8242,好友,林青霞,8253
刘嘉玲,8242,好友,张曼玉,8252
郭晓东,1006,夫妻,程莉莎,3472
关颖,8359,绯闻,言承旭,7294
关颖,8359,旧爱,黄志玮,506
曾宝仪,8372,父女,曾志伟,8259
曾宝仪,8372,旧爱,黄子佼,8351
曾宝仪,8372,姐弟,曾国祥,5360
曾宝仪,8372,拍档,黄渤,6120
郑裕玲,8690,绯闻,成龙,6091
郑裕玲,8690,绯闻,周润发,7335
郑裕玲,8690,旧爱,吕方,1433
陈宝国,2226,父子,陈月末,3135
陈宝国,2226,拍档,焦俊艳,2808
陈宝国,2226,拍档,李勤勤,5164
白冰,2420,绯闻,王龙华,5137
伍佳丽,5897,师徒,杨坤,2403
张国立,2373,夫妻,邓婕,2203
张国立,2373,父子,张默,2171
张国立,2373,师徒,韩雨芹,2958
孙兴,8518,好友,袁咏仪,8299
孙兴,8518,前任夫妻,林美贞,8827
孙俪,6979,夫妻,邓超,6170
孙俪,6979,旧爱,钱枫,2910
孙俪,6979,拍档,蒲冰墨,3344
孙俪,6979,拍档,李勤勤,5164
文咏珊,8605,绯闻,陈冠希,6090
李晟,2404,绯闻,张睿,2164
李晟,2404,好友,海陆,2570
李晟,2404,好友,高梓淇,2667
李晟,2404,夫妻,李佳航,5940
李光洁,2894,绯闻,王珞丹,2273
李光洁,2894,同学,陈思诚,2328
李光洁,2894,前任夫妻,郝蕾,989
李光洁,2894,同学,孙宁,2443
李光洁,2894,拍档,尚于博,5303
张可颐,8686,密友,吴绮莉,7344
包小柏,8401,兄弟,包伟铭,5762
柏原崇,8057,旧爱,菅野美穗,8126
林嘉欣,8460,好友,郑伊健,8284
俞思远,2640,好友,李晨,7152
饶敏莉,5542,情侣,富大龙,5990
刘家荣,1719,兄弟,刘家良,8615
刘家荣,1719,干兄弟,刘家辉,8643
任时完,717,组合,黄光熙,1500
列维·施瑞博尔,4316,前任,娜奥米·沃茨,4315
徐子珊,8374,绯闻,黎明,8258
徐子珊,8374,绯闻,吴卓羲,8310
徐子珊,8374,绯闻,马国明,8440
艾德·维斯特维克,4438,情侣,杰西卡·斯佐尔,4949
全度妍,571,好友,张真英,4333
车太贤,7955,好友,宋允儿,575
沈昌珉,7997,拍档,朴有天,6214
沈昌珉,7997,拍档,金在中,7810
沈昌珉,7997,拍档,金俊秀,7854
沈昌珉,7997,拍档,郑允浩,7976
丁子高,8385,夫妻,杨千嬅,7770
丁子高,8385,绯闻,佘诗曼,8291
赖芊合,8745,夫妻,戎祥,8609
汪小菲,2329,夫妻,徐熙媛,8750
汪小菲,2329,旧爱,张雨绮,6126
汪小菲,2329,绯闻,吕婉柔,6051
汪小菲,2329,绯闻,章子怡,2259
陈英雪,5840,绯闻,古巨基,8333
袁泉,2519,同学,胡静,2379
袁泉,2519,夫妻,夏雨,2126
袁泉,2519,同学,曾黎,5305
袁泉,2519,同学,刘烨,2347
袁泉,2519,同学,秦昊,2566
袁泉,2519,同学,牛青峰,5236
袁泉,2519,同学,章子怡,2259
朴容夏,197,好友,宋承宪,7125
朴容夏,197,好友,朴诗妍,835
朴容夏,197,好友,柳时元,7961
朴容夏,197,好友,金贤珠,8082
朴容夏,197,好友,宋允儿,575
朴容夏,197,好友,苏志燮,7834
冈田准一,7687,拍档,井之原快彦,1761
三宅健,1764,拍档,井之原快彦,1761
陈绮贞,8754,好友,蔡健雅,8356
连奕名,2548,夫妻,杨若兮,2820
黄志玮,506,旧爱,关颖,8359
佩内洛普·克鲁兹,4850,旧爱,汤姆·克鲁斯,4304
舒淇,7183,绯闻,余文乐,8278
舒淇,7183,密友,林熙蕾,8287
舒淇,7183,绯闻,彭于晏,8331
舒淇,7183,绯闻,王力宏,8245
舒淇,7183,绯闻,周星驰,7343
舒淇,7183,绯闻,郭富城,1733
舒淇,7183,旧爱,黎明,8258
舒淇,7183,绯闻,冯德伦,8301
舒淇,7183,绯闻,张震,8383
舒淇,7183,同学,天心,8469
舒淇,7183,好友,聂鑫,2540
舒淇,7183,拍档,冯丹滢,3300
李思捷,8556,好友,汤盈盈,8388
杜琪峰,8644,拍档,翟天临,1008
李维真,3690,师徒,庾澄庆,8282
梁博,2491,师徒,那英,2275
郑钧,2768,好友,王菲,93
奥兰多·布鲁姆,4587,准夫妻,米兰达·可儿,4603
濑户朝香,1604,夫妻,井之原快彦,1761
车婉婉,5679,旧爱,陈小春,8279
任泉,5848,同学,廖凡,2184
任泉,5848,同学,刘小锋,3064
任泉,5848,同学,刘晓虎,4467
任泉,5848,情侣,黄琦雯,4506
任泉,5848,好友,江铠同,2507
任泉,5848,好友,沈傲君,2848
王韵壹,3208,师徒,庾澄庆,8282
廖凡,2184,同学,任泉,5848
廖凡,2184,拍档,徐成峰,4003
廖凡,2184,同学,刘晓虎,4467
廖凡,2184,同学,李冰冰,2128
张庭,8376,夫妻,林瑞阳,8587
范晓萱,8427,密友,范玮琪,8263
范晓萱,8427,密友,侯佩岑,8277
范晓萱,8427,密友,吴佩慈,8285
范晓萱,8427,密友,徐熙媛,8750
范晓萱,8427,好友,周迅,2142
崔建邦,8926,好友,曾志伟,8259
崔建邦,8926,旧爱,唐诗咏,5857
崔建邦,8926,绯闻,徐淑敏,8532
帕丽斯·希尔顿,4628,密友,林赛·罗韩,3611
徐怀钰,8520,绯闻,林志颖,8241
徐怀钰,8520,绯闻,罗志祥,6157
徐怀钰,8520,旧爱,张孝全,8497
姚芊羽,2459,绯闻,黄海波,2419
潘阳,2614,父女,潘长江,2401
詹妮弗·洛佩兹,4420,旧爱,本·阿弗莱克,4480
叶一茜,561,夫妻,田亮,2148
夏凡,3019,拍档,郭德纲,5016
夏凡,3019,拍档,王珞丹,2273
夏凡,3019,拍档,王志文,2450
夏凡,3019,拍档,范明,2582
夏凡,3019,拍档,陈道明,2205
夏凡,3019,拍档,柯蓝,2928
安吉丽娜·朱莉,4456,前任,布拉德·皮特,4452
郑允浩,7976,拍档,朴有天,6214
郑允浩,7976,拍档,金在中,7810
郑允浩,7976,拍档,沈昌珉,7997
郑允浩,7976,拍档,金俊秀,7854
刘青云,8363,好友,吴镇宇,8364
刘青云,8363,夫妻,郭蔼明,8892
陈珊妮,8839,好友,许茹芸,8377
陈珊妮,8839,好友,光良,8702
陈珊妮,8839,好友,杨乃文,8909
胡东,5423,兄弟,胡兵,2176
倪萍,2406,旧爱,陈凯歌,2161
吕一,355,情侣,钱泳辰,5582
于正,2332,好友,袁姗姗,6145
秦俊杰,5933,姐弟,李玥,2292
杨乃文,8909,旧爱,黄立行,8342
杨乃文,8909,好友,陈珊妮,8839
王祖贤,8257,旧爱,齐秦,8302
撒贝宁,2274,情侣,章子怡,2259
褚乔,3559,师徒,庾澄庆,8282
褚乔,3559,旧爱,江映蓉,2553
成宥利,7965,旧爱,宋承宪,7125
王珞丹,2273,同学,黄圣依,2326
王珞丹,2273,同学,贾乃亮,586
王珞丹,2273,同学,周一围,2671
王珞丹,2273,同学,戚迹,2886
王珞丹,2273,绯闻,李光洁,2894
王珞丹,2273,拍档,夏凡,3019
王珞丹,2273,拍档,尚于博,5303
长泽雅美,7861,绯闻,瑛太,954
林熙蕾,8287,旧爱,朱孝天,8503
林熙蕾,8287,旧爱,吴大维,8738
林熙蕾,8287,密友,舒淇,7183
林熙蕾,8287,绯闻,吴彦祖,8266
蔡健雅,8356,好友,孙燕姿,8269
蔡健雅,8356,好友,戴佩妮,8496
蔡健雅,8356,好友,陈绮贞,8754
李冰冰,2128,绯闻,朱孝天,8503
李冰冰,2128,同学,廖凡,2184
李冰冰,2128,同学,刘晓虎,4467
李冰冰,2128,拍档,范冰冰,6175
李冰冰,2128,同学,刘小锋,3064
秦昊,2566,同学,刘烨,2347
秦昊,2566,同学,胡静,2379
秦昊,2566,同学,秦海璐,2390
秦昊,2566,同学,袁泉,2519
秦昊,2566,同学,梅婷,2178
秦昊,2566,同学,牛青峰,5236
秦昊,2566,同学,曾黎,5305
秦昊,2566,同学,章子怡,2259
秦昊,2566,夫妻,伊能静,8250
马伊琍,6141,好友,佟大为,2334
马伊琍,6141,同学,杨明娜,5420
马伊琍,6141,夫妻,文章,7090
马伊琍,6141,同学,保剑锋,2974
马伊琍,6141,好友,滕华涛,3041
赵雅芝,7744,绯闻,郑少秋,8322
贺军翔,8501,绯闻,杨丞琳,8270
贺军翔,8501,绯闻,林依晨,8327
贺军翔,8501,好友,郑元畅,8357
贺军翔,8501,好友,阮经天,8307
贺军翔,8501,好友,陈乔恩,6136
范逸臣,8640,绯闻,田中千绘,4343
张默,2171,父子,张国立,2373
张默,2171,旧爱,叶璇,8315
张默,2171,母子,邓婕,2203
张默,2171,旧爱,童瑶,3003
朱孝天,8503,拍档,周渝民,8281
朱孝天,8503,拍档,言承旭,7294
朱孝天,8503,拍档,吴建豪,8324
朱孝天,8503,绯闻,吴亚馨,8387
朱孝天,8503,旧爱,杨谨华,8487
朱孝天,8503,旧爱,林熙蕾,8287
朱孝天,8503,绯闻,李冰冰,2128
郑嘉颖,8288,绯闻,黎姿,8286
郑嘉颖,8288,旧爱,佘诗曼,8291
郑嘉颖,8288,旧爱,周丽淇,8513
郑嘉颖,8288,绯闻,陈敏之,8695
郑嘉颖,8288,好友,黄嘉乐,3310
郑嘉颖,8288,好友,韩栋,2221
祝钒刚,8648,拍档,明道,8371
祝钒刚,8648,拍档,黄玉荣,8951
祝钒刚,8648,拍档,颜行书,8956
于娜,2982,绯闻,洪天明,8491
阮经天,8307,好友,陈乔恩,6136
阮经天,8307,好友,彭于晏,8331
阮经天,8307,好友,郑元畅,8357
阮经天,8307,好友,贺军翔,8501
阮经天,8307,绯闻,刘品言,8888
阮经天,8307,情侣,许玮甯,3513
李安（导演）,3744,父子,李淳,3723
李安（导演）,3744,师徒,汤唯,746
林海峰,9080,舅甥,狄龙,1598
李小冉,2394,好友,邓超,6170
陈龙,2525,夫妻,章龄之,2532
俞灏明,2335,好友,王栎鑫,2579
邱胜翊,503,绯闻,杨丞琳,8270
李小萌,478,情侣,王雷,2461
田壮壮,3695,同学,陈凯歌,2161
朱媛媛,4184,同学,史兰芽,3574
杨幂,6164,好友,霍建华,6267
杨幂,6164,好友,胡歌,6172
杨幂,6164,密友,刘亦菲,6161
杨幂,6164,好友,张翰,166
杨幂,6164,好友,袁弘,5941
杨幂,6164,密友,李小璐,7135
杨幂,6164,密友,刘诗诗,6254
杨幂,6164,密友,霍思燕,2262
杨幂,6164,好友,佟丽娅,585
杨幂,6164,绯闻,谢霆锋,7342
杨幂,6164,情侣,刘恺威,6089
杨幂,6164,好友,袁姗姗,6145
杨幂,6164,绯闻,冯绍峰,1964
任达华,8390,夫妻,琦琦,2297
杨佑宁,8506,好友,张孝全,8497
霍政谚,3223,同学,白百何,772
周丽淇,8513,姐妹,周汶锜,7776
周丽淇,8513,绯闻,黄宗泽,7334
周丽淇,8513,旧爱,郑嘉颖,8288
周冬齐,4170,拍档,方子哥,2803
周冬齐,4170,夫妻,林永健,2521
朴志胤,646,旧爱,安七炫,7915
唐嫣,3060,同学,童瑶,3003
唐嫣,3060,同学,沈佳妮,3595
唐嫣,3060,同学,曹曦文,3600
唐嫣,3060,情侣,邱泽,8329
唐嫣,3060,恋人,罗晋,3174
唐嫣,3060,绯闻,林峰,8256
唐嫣,3060,同学,文章,7090
唐嫣,3060,同学,白百何,772
唐嫣,3060,同学,白静,2565
唐嫣,3060,好友,蒋劲夫,6123
唐嫣,3060,同学,秦丽,3073
唐嫣,3060,同学,杨烁,3243
谈莉娜,4505,好友,刘惜君,2166
谈莉娜,4505,好友,江映蓉,2553
谈莉娜,4505,好友,曾轶可,2576
希斯·莱杰,4314,旧爱,娜奥米·沃茨,4315
潘长江,2401,父女,潘阳,2614
萧正楠,8922,绯闻,关心妍,8736
尤勇智,4952,绯闻,许晴,2163
赵毅,2246,拍档,韩雯雯,3619
张丹露,3597,夫妻,赵文卓,2375
潘之琳,4180,好友,江铠同,2507
潘之琳,4180,同学,曾之乔,3028
曾之乔,3028,同学,窦骁,1576
曾之乔,3028,同学,潘之琳,4180
曾之乔,3028,好友,江铠同,2507
袁惟仁,3292,夫妻,陆元琪,3293
朴树,2840,旧爱,周迅,2142
朴树,2840,夫妻,吴岱凝,3593
杨俊毅,5220,好友,于波,5938
郑虹,5899,师徒,刘欢,2411
金载沅,7862,绯闻,金荷娜,7826
工藤静香,8047,夫妻,木村拓哉,7916
黄圣依,2326,绯闻,余文乐,8278
黄圣依,2326,同学,王珞丹,2273
黄圣依,2326,同学,周一围,2671
黄圣依,2326,同学,戚迹,2886
黄圣依,2326,拍档,韩雯雯,3619
黄圣依,2326,师徒,赵本山,583
黄圣依,2326,同学,贾乃亮,586
孟广美,8448,旧爱,吴大维,8738
毛宁,2498,好友,杨钰莹,421
毛宁,2498,好友,孙楠,2374
季芹,8530,夫妻,王仁甫,7733
廖碧儿,8533,绯闻,刘恺威,6089
廖碧儿,8533,绯闻,黄宗泽,7334
张韶涵,8300,绯闻,颜行书,8956
吕良伟,8625,前任夫妻,周海媚,2202
李淳,3723,父子,李安（导演）,3744
松岛菜菜子,7971,好友,酒井法子,7839
松岛菜菜子,7971,夫妻,反町隆史,4267
古天乐,8289,绯闻,杨千嬅,7770
古天乐,8289,绯闻,郑秀文,8276
古天乐,8289,绯闻,陈乔恩,6136
古天乐,8289,绯闻,郭羡妮,8373
古天乐,8289,密友,宣萱,8375
古天乐,8289,绯闻,杨恭如,8451
古天乐,8289,绯闻,徐熙媛,8750
古天乐,8289,拍档,韩雯雯,3619
古天乐,8289,绯闻,张柏芝,7745
郑浩南,8712,绯闻,叶倩文,8636
潘霜霜,2408,旧爱,林峰,8256
马艳丽,3715,前任夫妻,郎昆,3693
潘蔚,3501,夫妻,孙楠,2374
玄彬,7811,好友,张东健,7799
玄彬,7811,绯闻,郑丽媛,7940
玄彬,7811,旧爱,黄智贤,6015
玄彬,7811,绯闻,汤唯,746
周觅,2533,同学,白百何,772
周觅,2533,拍档,崔始源,7804
周觅,2533,拍档,曺圭贤,7747
周觅,2533,拍档,李东海,8049
周觅,2533,拍档,韩庚,2331
周觅,2533,拍档,刘宪华,5919
连凯,8920,好友,吴彦祖,8266
连凯,8920,好友,尹子维,8838
丁少华,5562,师徒,杨坤,2403
菅韧姿,1223,情侣,邱心志,8925
姜大卫,1619,兄弟,秦沛,8917
姜大卫,1619,拍档,狄龙,1598
姜大卫,1619,师徒,张彻,5374
姜大卫,1619,兄弟,尔冬升,8630
姜大卫,1619,翁婿,曹永廉,6067
吴君如,8305,好友,杜汶泽,8308
吴君如,8305,夫妻,陈可辛,8486
吴君如,8305,绯闻,周星驰,7343
吴君如,8305,旧爱,杜德伟,8394
李英爱,6187,好友,张瑞希,7846
李英爱,6187,旧爱,车胜元,7984
郭采洁,8317,好友,蔡依林,8243
郭采洁,8317,好友,罗志祥,6157
郭采洁,8317,好友,杨丞琳,8270
王龙华,5137,绯闻,姚笛,2145
王龙华,5137,绯闻,白冰,2420
陈彦屹,5490,好友,权振东,2670
高修,8081,绯闻,金喜善,7800
高修,8081,绯闻,金荷娜,7826
高修,8081,绯闻,河智苑,7926
钟丽淇,1405,好友,汤盈盈,8388
钟丽淇,1405,旧爱,梁荣忠,6073
叶德娴,8410,干母子,刘德华,6104
王菲,93,好友,梁朝伟,8247
王菲,93,绯闻,黎明,8258
王菲,93,密友,那英,2275
王菲,93,好友,毛阿敏,2189
王菲,93,密友,刘嘉玲,8242
王菲,93,好友,陈奕迅,7743
王菲,93,好友,张国荣,8265
王菲,93,前任夫妻,窦唯,2703
王菲,93,好友,郑钧,2768
王菲,93,好友,赵欣瑜,2856
王菲,93,密友,赵薇,6184
王菲,93,夫妻,李亚鹏,2267
王菲,93,旧爱,谢霆锋,7342
吕晶晶,5279,旧爱,林韦辰,5701
许玮伦,5616,旧爱,周渝民,8281
三浦春马,7930,绯闻,新垣结衣,886
黄征,2186,绯闻,江珊,3788
黄征,2186,绯闻,厉娜,5216
黄征,2186,绯闻,金海心,8774
黄征,2186,好友,陈羽凡,2531
黄征,2186,好友,胡海泉,2746
叶玉卿,8328,密友,吴绮莉,7344
黄勇,5023,师徒,那英,2275
任青,4698,绯闻,汪涵,2363
孙耀威,8601,旧爱,应采儿,8275
孙耀威,8601,绯闻,杨秀惠,3778
孙耀威,8601,情侣,陈美诗,8880
翁倩玉,8960,好友,成龙,6091
翁倩玉,8960,旧爱,秦沛,8917
那英,2275,好友,毛阿敏,2189
那英,2275,师徒,侯祖辛,3377
那英,2275,师徒,卓义峰,3382
那英,2275,好友,孙楠,2374
那英,2275,师徒,梁博,2491
那英,2275,师徒,张玮,2185
那英,2275,师徒,多亮,2984
那英,2275,师徒,赵露,2994
那英,2275,好友,满文军,3105
那英,2275,师徒,张赫宣,3136
那英,2275,好友,陈琳,284
那英,2275,师徒,歌浴森,3562
那英,2275,师徒,黄勇,5023
那英,2275,师徒,黄鹤,5256
那英,2275,师徒,汪妤凌,5457
那英,2275,师徒,王琪玮,5462
那英,2275,密友,王菲,93
那英,2275,好友,李亚鹏,2267
陈慧珊,8766,绯闻,马德钟,8504
陈慧珊,8766,绯闻,林保怡,8682
陈慧珊,8766,好友,蔡少芬,8246
陈慧珊,8766,好友,郭可盈,8490
冯远征,2200,夫妻,梁丹妮,5077
黄光熙,1500,组合,任时完,717
欧阳震华,8389,好友,郭政鸿,8739
猪哥亮,6286,父女,谢金燕,7173
刘雪华,8677,密友,琼瑶,8347
刘雪华,8677,旧爱,刘德凯,2777
刘雪华,8677,旧爱,张佩华,1436
方力申,8353,绯闻,钟欣潼,6185
方力申,8353,情侣,邓丽欣,6076
方力申,8353,绯闻,陈自瑶,8771
方力申,8353,好友,司徒瑞祈,6036
方力申,8353,同门,周笔畅,2383
张柏芝,7745,好友,范玮琪,8263
张柏芝,7745,旧爱,陈小春,8279
张柏芝,7745,绯闻,郑伊健,8284
张柏芝,7745,绯闻,古天乐,8289
张柏芝,7745,干父女,赵本山,583
张柏芝,7745,好友,陈建州,6101
张柏芝,7745,好友,熊黛林,6105
关心妍,8736,好友,杨千嬅,7770
关心妍,8736,好友,王祖蓝,8346
关心妍,8736,绯闻,萧正楠,8922
周家蔚,8443,翁媳,洪金宝,8340
周家蔚,8443,夫妻,洪天明,8491
张茜,3237,夫妻,张卫健,8421
金城武,8417,绯闻,杨采妮,8479
王元也,6270,父子,王中磊,3800
王菁,2853,夫妻,何炅,2260
陈琳,284,好友,张蔷,8665
陈琳,284,好友,那英,2275
陈琳,284,好友,杨坤,2403
陈琳,284,好友,满文军,3105
袁姗姗,6145,好友,赵丽颖,7191
袁姗姗,6145,好友,于正,2332
袁姗姗,6145,好友,孙菲菲,2378
袁姗姗,6145,好友,海陆,2570
袁姗姗,6145,好友,杨幂,6164
袁姗姗,6145,好友,冯绍峰,1964
李在元,218,拍档,安七炫,7915
李在元,218,拍档,张佑赫,7917
李在元,218,拍档,安胜浩,219
李在元,218,拍档,文熙俊,365
卓文萱,7291,绯闻,曹格,8437
梁洛施,8264,好友,杨丞琳,8270
梁洛施,8264,干父女,黄秋生,8290
梁洛施,8264,好友,杜汶泽,8308
梁洛施,8264,好友,钟欣潼,6185
梁洛施,8264,绯闻,陈柏霖,8350
梁洛施,8264,好友,陈意涵,7340
梁洛施,8264,好友,张致恒,8980
黄长兴,8893,绯闻,曹敏莉,8775
黄长兴,8893,兄弟,黄长发,6096
关悦,2510,同学,车晓,6127
官恩娜,8676,绯闻,吴卓羲,8310
孙淳,1007,拍档,焦俊艳,2808
孙淳,1007,兄弟,孙周,2968
孙淳,1007,拍档,尚于博,5303
古巨基,8333,密友,周慧敏,8267
古巨基,8333,绯闻,陈英雪,5840
周华健,8639,拍档,张震岳,8674
朴敏英,7806,旧爱,李敏镐,7426
陈百祥,8579,好友,曾志伟,8259
陈百祥,8579,好友,谭咏麟,8393
张瑞希,7846,好友,李英爱,6187
郝蕾,989,旧爱,邓超,6170
郝蕾,989,绯闻,郭家铭,3093
郝蕾,989,密友,黄奕,2322
郝蕾,989,同学,聂远,162
郝蕾,989,前任夫妻,李光洁,2894
郝蕾,989,好友,陈坤,2143
郭德纲,5016,师徒,何云伟,2944
郭德纲,5016,师徒,欧弟,8293
郭德纲,5016,拍档,夏凡,3019
郭德纲,5016,师徒,张云雷,5230
郭德纲,5016,师徒,岳云鹏,5175
郭德纲,5016,师徒,栾云平,5017
郭德纲,5016,师徒,曹云金,2949
郭德纲,5016,师徒,韩鹤晓,4982
田中裕子,1355,拍档,张博,2878
马晓晴,5747,绯闻,姜文,2151
利特,169,组员,super junior,3629
黄奕,2322,绯闻,韩庚,2331
黄奕,2322,密友,郝蕾,989
黄奕,2322,旧爱,聂远,162
杰西卡·斯佐尔,4949,情侣,艾德·维斯特维克,4438
姜武,7180,兄弟,姜文,2151
姜武,7180,同学,黄磊,6152
陈山聪,8519,绯闻,徐淑敏,8532
黄维德,8574,绯闻,伊能静,8250
霍建华,6267,绯闻,关之琳,3156
霍建华,6267,绯闻,叶璇,8315
霍建华,6267,绯闻,林心如,5942
霍建华,6267,旧爱,陈乔恩,6136
霍建华,6267,好友,杨幂,6164
霍建华,6267,好友,胡歌,6172
王全安,2422,夫妻,张雨绮,6126
王全安,2422,绯闻,余男,581
王全安,2422,同学,张嘉译,2452
王全安,2422,同学,张子健,3432
王全安,2422,同学,孔琳,4386
曾之乔,3028,绯闻,明道,8371
张成源,4419,兄妹,张娜拉,7851
邹廷威,5131,同学,白百何,772
容祖儿,8251,密友,钟欣潼,6185
容祖儿,8251,情侣,刘浩龙,8415
容祖儿,8251,好友,郑希怡,8523
容祖儿,8251,师徒,罗文,1478
梁家辉,8453,好友,张曼玉,8252
梁家辉,8453,好友,张国荣,8265
费翔,8378,旧爱,叶倩文,8636
钱枫,2910,旧爱,孙俪,6979
陶大宇,8737,绯闻,郭羡妮,8373
陶大宇,8737,好友,郭政鸿,8739
李羲儿,2451,绯闻,潘粤明,6118
张博,2878,拍档,田中裕子,1355
张博,2878,拍档,林心如,5942
张博,2878,拍档,何润东,5076
张博,2878,拍档,陆毅,2144
张博,2878,同学,白百何,772
张博,2878,拍档,陈好,2397
张博,2878,拍档,陈建斌,2490
张博,2878,拍档,殷桃,2549
张博,2878,情侣,谭维维,2615
张博,2878,拍档,张丰毅,3015
张博,2878,绯闻,江珊,3788
金钟云,3634,组员,super junior,3629
林永健,2521,夫妻,周冬齐,4170
王力宏,8245,绯闻,舒淇,7183
王力宏,8245,好友,李玟,7290
王力宏,8245,绯闻,李云迪,2355
王力宏,8245,绯闻,汤唯,746
王力宏,8245,绯闻,张惠妹,3436
王力宏,8245,好友,陈建州,6101
钟丽缇,8274,旧爱,申贤俊,906
钟丽缇,8274,绯闻,郭富城,1733
李心洁,8681,好友,刘涛,6165
林保怡,8682,好友,蒙嘉慧,8332
林保怡,8682,绯闻,陈慧珊,8766
苏醒,2434,绯闻,孙骁骁,6132
苏醒,2434,好友,魏晨,2542
李小鹏,6046,夫妻,李安琪,9160
陈冠希,6090,好友,周杰伦,7157
陈冠希,6090,干父子,黄秋生,8290
陈冠希,6090,绯闻,文咏珊,8605
陈冠希,6090,同学,谢霆锋,7342
陈冠希,6090,绯闻,周秀娜,8271
陈冠希,6090,旧爱,谢芷蕙,8360
陈冠希,6090,绯闻,李美琪,5861
刘德华,6104,绯闻,关之琳,3156
刘德华,6104,好友,杜汶泽,8308
刘德华,6104,绯闻,梅艳芳,8314
刘德华,6104,夫妻,朱丽倩,8336
刘德华,6104,绯闻,陈玉莲,8559
刘德华,6104,好友,李克勤,8600
刘德华,6104,旧爱,喻可欣,8865
刘德华,6104,绯闻,潘宏彬,5750
刘德华,6104,干母子,叶德娴,8410
刘德华,6104,好友,黄日华,8521
刘德华,6104,好友,熊黛林,6105
苑琼丹,8613,好友,曾志伟,8259
苑琼丹,8613,好友,袁咏仪,8299
苑琼丹,8613,旧爱,林正英,7341
苑琼丹,8613,好友,伍咏薇,8758
苑琼丹,8613,好友,汤盈盈,8388
苑琼丹,8613,好友,李国麟,5865
向华强,8763,叔侄,向海岚,5693
向华强,8763,绯闻,张敏,3101
颜丹晨,2244,同学,孔维,2607
颜丹晨,2244,同学,何琳,2718
颜丹晨,2244,同学,张恒,2945
颜丹晨,2244,同学,许还幻,3272
颜丹晨,2244,同学,黄晓明,7159
颜丹晨,2244,同学,陈坤,2143
颜丹晨,2244,同学,祖峰,5168
池珍熙,572,好友,廉晶雅,4622
金巧巧,2495,旧爱,吴启华,8622
崔智友,8005,旧爱,宋承宪,7125
崔智友,8005,绯闻,李秉宪,7832
崔智友,8005,绯闻,裴勇俊,7919
崔智友,8005,绯闻,申贤俊,906
崔智友,8005,旧爱,李阵郁,1859
霍思燕,2262,密友,杨幂,6164
多亮,2984,师徒,那英,2275
李美琪,5861,绯闻,陈冠希,6090
李美琪,5861,旧爱,吴彦祖,8266
王今铎,5586,同学,柴碧云,4070
金俊秀,7854,拍档,朴有天,6214
金俊秀,7854,拍档,金在中,7810
金俊秀,7854,拍档,郑允浩,7976
金俊秀,7854,拍档,沈昌珉,7997
许冠英,5760,兄弟,许冠杰,3838
申东熙,656,组员,super junior,3629
曾恺玹,7677,绯闻,周杰伦,7157
郭政鸿,8739,好友,欧阳震华,8389
郭政鸿,8739,好友,陶大宇,8737
酒井法子,7839,好友,木村拓哉,7916
酒井法子,7839,好友,松岛菜菜子,7971
洪天明,8491,旧爱,徐子淇,7339
洪天明,8491,夫妻,周家蔚,8443
洪天明,8491,绯闻,于娜,2982
洪天明,8491,父子,洪金宝,8340
陈妍希,6140,情侣,陈晓,157
梅艳芳,8314,密友,张国荣,8265
梅艳芳,8314,好友,张学友,8273
梅艳芳,8314,干姐弟,谢霆锋,7342
梅艳芳,8314,绯闻,刘德华,6104
梅艳芳,8314,师徒,何韵诗,8309
梅艳芳,8314,师徒,许志安,8325
梅艳芳,8314,绯闻,陶喆,7473
梅艳芳,8314,师徒,谭耀文,8500
梅艳芳,8314,绯闻,苗侨伟,8701
梅艳芳,8314,师徒,彭敬慈,1620
梅艳芳,8314,旧爱,赵文卓,2375
张玮琪,5258,师徒,杨坤,2403
沙溢,2175,夫妻,胡可,2223
沙溢,2175,好友,姚晨,2141
阿杜,8361,好友,林俊杰,6109
王紫逸,6826,父子,巍子,6894
保剑锋,2974,同学,杨明娜,5420
保剑锋,2974,同学,马伊琍,6141
保剑锋,2974,旧爱,秦岚,2337
刘锡明,8693,绯闻,周慧敏,8267
滕文骥,3698,父子,滕华涛,3041
郎昆,3693,前任夫妻,马艳丽,3715
刘家良,8615,绯闻,惠英红,8467
刘家良,8615,干兄弟,刘家辉,8643
刘家良,8615,兄弟,刘家荣,1719
黄嘉千,8785,夫妻,夏克立,7134
毛晓彤,3179,情侣,陈翔,2723
高云翔,7070,夫妻,董璇,2414
高云翔,7070,拍档,蒲冰墨,3344
巩新亮,2381,绯闻,郎朗,2439
吴大维,8738,旧爱,孟广美,8448
吴大维,8738,绯闻,赵薇,6184
吴大维,8738,旧爱,林熙蕾,8287
张云雷,5230,师徒,郭德纲,5016
张继聪,3622,夫妻,谢安琪,8423
朴海镇,7863,绯闻,朴信惠,7127
江语晨,500,绯闻,周杰伦,7157
赵涛,3462,夫妻,贾樟柯,3701
倪妮,2316,情侣,冯绍峰,1964
车晓,6127,母女,王丽云,2922
车晓,6127,同学,关悦,2510
郭涛,2327,同学,夏力薪,5157
李易峰,6107,好友,乔任梁,4612
李易峰,6107,好友,马天宇,3258
沈春阳,2528,夫妻,小沈阳,2325
白歆惠,8527,绯闻,明道,8371
陈坤,2143,好友,桂纶镁,8335
陈坤,2143,好友,郝蕾,989
陈坤,2143,好友,赵子琪,2517
陈坤,2143,好友,赵薇,6184
陈坤,2143,好友,周迅,2142
陈坤,2143,好友,黄晓明,7159
陈坤,2143,同学,孔维,2607
陈坤,2143,同学,何琳,2718
陈坤,2143,拍档,焦俊艳,2808
陈坤,2143,同学,张恒,2945
陈坤,2143,同学,颜丹晨,2244
陈坤,2143,同学,许还幻,3272
陈坤,2143,拍档,蒲冰墨,3344
陈坤,2143,同学,祖峰,5168
汪妤凌,5457,师徒,那英,2275
章小蕙,8826,前任夫妻,钟镇涛,8366
曾轶可,2576,好友,姜潮,2845
曾轶可,2576,好友,谈莉娜,4505
李宇春,2264,好友,林俊杰,6109
李宇春,2264,好友,苏见信,8868
李宇春,2264,好友,何洁,2976
李宇春,2264,好友,黄晓明,7159
黄琦雯,4506,师徒,李双江,8349
黄琦雯,4506,情侣,任泉,5848
张震岳,8674,拍档,周华健,8639
张震岳,8674,拍档,罗大佑,8489
张震岳,8674,旧爱,路嘉怡,5761
北川景子,6370,绯闻,山下智久,7868
岛谷瞳,1681,密友,仲间由纪惠,8124
林赛·罗韩,3611,绯闻,裘德·洛,4573
林赛·罗韩,3611,密友,艾希莉·辛普森,4866
林赛·罗韩,3611,密友,帕丽斯·希尔顿,4628
滨崎步,7816,旧爱,长濑智也,7991
柯蓝,2928,绯闻,黄志忠,2556
柯蓝,2928,旧爱,李泉,2560
柯蓝,2928,拍档,王笛,2666
柯蓝,2928,拍档,夏凡,3019
张致恒,8980,拍档,陈伟霆,6146
张致恒,8980,好友,梁洛施,8264
张致恒,8980,拍档,关智斌,5939
孙艺珍,7988,绯闻,宋承宪,7125
杨若兮,2820,旧爱,刘威,2544
杨若兮,2820,夫妻,连奕名,2548
章泽天,7129,夫妻,刘强东,9161
朴诗妍,835,好友,李多海,7812
朴诗妍,835,好友,朴容夏,197
